com.google.common.graph.AbstractGraphBuilder,28
com.google.common.graph.AbstractGraphBuilder,29
com.google.common.graph.AbstractGraphBuilder,30
com.google.common.graph.AbstractGraphBuilder,32
com.google.common.graph.AbstractGraphBuilder,41
com.google.common.graph.AbstractGraphBuilder,42
com.google.common.graph.GraphBuilder,72
com.google.common.graph.GraphBuilder,109
com.google.common.graph.GraphBuilder,110
com.google.common.graph.GraphBuilder,121
com.google.common.graph.GraphBuilder,122
com.google.common.graph.GraphBuilder,131
com.google.common.graph.GraphBuilder,132
com.google.common.graph.GraphBuilder,141
com.google.common.graph.GraphBuilder,142
com.google.common.graph.GraphBuilder,143
com.google.common.graph.GraphBuilder,160
com.google.common.graph.GraphBuilder,161
com.google.common.graph.GraphBuilder,162
com.google.common.graph.GraphBuilder,160
com.google.common.graph.GraphBuilder,166
com.google.common.graph.GraphBuilder,167
com.google.common.graph.GraphBuilder,168
com.google.common.graph.GraphBuilder,173
com.google.common.graph.GraphBuilder,177
com.google.common.graph.GraphBuilder,178
com.google.common.graph.GraphBuilder,179
com.google.common.graph.GraphBuilder,180
com.google.common.graph.GraphBuilder,181
com.google.common.graph.GraphBuilder,182
com.google.common.graph.GraphBuilder,187
com.google.common.graph.ValueGraph,110
com.google.common.graph.ValueGraph,110
com.google.common.graph.BaseGraph,27
com.google.common.graph.BaseGraph,27
com.google.common.graph.ValueGraphBuilder,74
com.google.common.graph.ValueGraphBuilder,113
com.google.common.graph.ValueGraphBuilder,114
com.google.common.graph.ValueGraphBuilder,125
com.google.common.graph.ValueGraphBuilder,126
com.google.common.graph.ValueGraphBuilder,135
com.google.common.graph.ValueGraphBuilder,136
com.google.common.graph.ValueGraphBuilder,145
com.google.common.graph.ValueGraphBuilder,146
com.google.common.graph.ValueGraphBuilder,147
com.google.common.graph.ValueGraphBuilder,165
com.google.common.graph.ValueGraphBuilder,166
com.google.common.graph.ValueGraphBuilder,167
com.google.common.graph.ValueGraphBuilder,165
com.google.common.graph.ValueGraphBuilder,171
com.google.common.graph.ValueGraphBuilder,172
com.google.common.graph.ValueGraphBuilder,173
com.google.common.graph.ValueGraphBuilder,180
com.google.common.graph.ValueGraphBuilder,184
com.google.common.graph.ValueGraphBuilder,185
com.google.common.graph.ValueGraphBuilder,186
com.google.common.graph.ValueGraphBuilder,187
com.google.common.graph.ValueGraphBuilder,188
com.google.common.graph.ValueGraphBuilder,189
com.google.common.graph.ValueGraphBuilder,194
com.google.common.graph.NetworkBuilder,71
com.google.common.graph.NetworkBuilder,72
com.google.common.graph.NetworkBuilder,73
com.google.common.graph.NetworkBuilder,78
com.google.common.graph.NetworkBuilder,114
com.google.common.graph.NetworkBuilder,115
com.google.common.graph.NetworkBuilder,125
com.google.common.graph.NetworkBuilder,126
com.google.common.graph.NetworkBuilder,137
com.google.common.graph.NetworkBuilder,138
com.google.common.graph.NetworkBuilder,147
com.google.common.graph.NetworkBuilder,148
com.google.common.graph.NetworkBuilder,157
com.google.common.graph.NetworkBuilder,158
com.google.common.graph.NetworkBuilder,167
com.google.common.graph.NetworkBuilder,168
com.google.common.graph.NetworkBuilder,169
com.google.common.graph.NetworkBuilder,178
com.google.common.graph.NetworkBuilder,179
com.google.common.graph.NetworkBuilder,180
com.google.common.graph.NetworkBuilder,185
com.google.common.graph.NetworkBuilder,190
com.google.common.graph.Graph,104
com.google.common.graph.Graph,104
com.google.common.graph.Network,105
com.google.common.graph.Network,105
com.google.common.graph.ElementOrder,74
com.google.common.graph.ElementOrder,75
com.google.common.graph.ElementOrder,76
com.google.common.graph.ElementOrder,77
com.google.common.graph.ElementOrder,146
com.google.common.graph.ElementOrder,155
com.google.common.graph.ElementOrder,156
com.google.common.graph.ElementOrder,158
com.google.common.graph.ElementOrder,163
com.google.common.graph.ElementOrder,164
com.google.common.graph.ElementOrder,166
com.google.common.graph.ElementOrder,167
com.google.common.graph.ElementOrder,170
com.google.common.graph.ElementOrder,171
com.google.common.graph.ElementOrder,176
com.google.common.graph.ElementOrder,181
com.google.common.graph.ElementOrder,182
com.google.common.graph.ElementOrder,183
com.google.common.graph.ElementOrder,185
com.google.common.graph.ElementOrder,190
com.google.common.graph.ElementOrder,192
com.google.common.graph.ElementOrder,195
com.google.common.graph.ElementOrder,197
com.google.common.graph.ElementOrder,199
com.google.common.graph.ElementOrder,205
com.google.common.graph.StandardMutableGraph,36
com.google.common.graph.StandardMutableGraph,37
com.google.common.graph.StandardMutableGraph,41
com.google.common.graph.StandardMutableGraph,46
com.google.common.graph.StandardMutableGraph,51
com.google.common.graph.StandardMutableGraph,56
com.google.common.graph.StandardMutableGraph,57
com.google.common.graph.StandardMutableGraph,62
com.google.common.graph.StandardMutableGraph,67
com.google.common.graph.StandardMutableGraph,72
com.google.common.graph.StandardMutableGraph,73
com.google.common.graph.ForwardingGraph,33
com.google.common.graph.ForwardingGraph,42
com.google.common.graph.ForwardingGraph,47
com.google.common.graph.ForwardingGraph,52
com.google.common.graph.ForwardingGraph,57
com.google.common.graph.ForwardingGraph,62
com.google.common.graph.ForwardingGraph,67
com.google.common.graph.ForwardingGraph,72
com.google.common.graph.ForwardingGraph,77
com.google.common.graph.ForwardingGraph,82
com.google.common.graph.ForwardingGraph,87
com.google.common.graph.ForwardingGraph,92
com.google.common.graph.ForwardingGraph,97
com.google.common.graph.ForwardingGraph,102
com.google.common.graph.ForwardingGraph,107
com.google.common.graph.ForwardingGraph,27
com.google.common.graph.ForwardingGraph,27
com.google.common.graph.AbstractGraph,35
com.google.common.graph.AbstractGraph,36
com.google.common.graph.AbstractGraph,38
com.google.common.graph.AbstractGraph,39
com.google.common.graph.AbstractGraph,41
com.google.common.graph.AbstractGraph,43
com.google.common.graph.AbstractGraph,44
com.google.common.graph.AbstractGraph,45
com.google.common.graph.AbstractGraph,43
com.google.common.graph.AbstractGraph,50
com.google.common.graph.AbstractGraph,56
com.google.common.graph.AbstractGraph,57
com.google.common.graph.AbstractGraph,59
com.google.common.graph.AbstractGraph,61
com.google.common.graph.AbstractGraph,63
com.google.common.graph.AbstractGraph,56
com.google.common.graph.AbstractGraph,30
com.google.common.graph.AbstractGraph,30
com.google.common.graph.AbstractGraph,30
com.google.common.graph.AbstractGraph,30
com.google.common.graph.AbstractGraph,30
com.google.common.graph.AbstractGraph,30
com.google.common.graph.AbstractGraph,30
com.google.common.graph.AbstractGraph,30
com.google.common.graph.AbstractBaseGraph,52
com.google.common.graph.AbstractBaseGraph,53
com.google.common.graph.AbstractBaseGraph,54
com.google.common.graph.AbstractBaseGraph,55
com.google.common.graph.AbstractBaseGraph,57
com.google.common.graph.AbstractBaseGraph,58
com.google.common.graph.AbstractBaseGraph,67
com.google.common.graph.AbstractBaseGraph,102
com.google.common.graph.AbstractBaseGraph,107
com.google.common.graph.AbstractBaseGraph,108
com.google.common.graph.AbstractBaseGraph,109
com.google.common.graph.AbstractBaseGraph,149
com.google.common.graph.AbstractBaseGraph,150
com.google.common.graph.AbstractBaseGraph,152
com.google.common.graph.AbstractBaseGraph,153
com.google.common.graph.AbstractBaseGraph,154
com.google.common.graph.AbstractBaseGraph,160
com.google.common.graph.AbstractBaseGraph,165
com.google.common.graph.AbstractBaseGraph,170
com.google.common.graph.AbstractBaseGraph,171
com.google.common.graph.AbstractBaseGraph,172
com.google.common.graph.AbstractBaseGraph,177
com.google.common.graph.AbstractBaseGraph,178
com.google.common.graph.AbstractBaseGraph,179
com.google.common.graph.AbstractBaseGraph,181
com.google.common.graph.AbstractBaseGraph,182
com.google.common.graph.AbstractBaseGraph,183
com.google.common.graph.AbstractBaseGraph,191
com.google.common.graph.AbstractBaseGraph,192
com.google.common.graph.AbstractBaseGraph,193
com.google.common.graph.AbstractBaseGraph,196
com.google.common.graph.StandardMutableValueGraph,49
com.google.common.graph.StandardMutableValueGraph,50
com.google.common.graph.StandardMutableValueGraph,54
com.google.common.graph.StandardMutableValueGraph,60
com.google.common.graph.StandardMutableValueGraph,62
com.google.common.graph.StandardMutableValueGraph,63
com.google.common.graph.StandardMutableValueGraph,66
com.google.common.graph.StandardMutableValueGraph,67
com.google.common.graph.StandardMutableValueGraph,77
com.google.common.graph.StandardMutableValueGraph,78
com.google.common.graph.StandardMutableValueGraph,79
com.google.common.graph.StandardMutableValueGraph,85
com.google.common.graph.StandardMutableValueGraph,86
com.google.common.graph.StandardMutableValueGraph,87
com.google.common.graph.StandardMutableValueGraph,89
com.google.common.graph.StandardMutableValueGraph,90
com.google.common.graph.StandardMutableValueGraph,93
com.google.common.graph.StandardMutableValueGraph,94
com.google.common.graph.StandardMutableValueGraph,95
com.google.common.graph.StandardMutableValueGraph,97
com.google.common.graph.StandardMutableValueGraph,98
com.google.common.graph.StandardMutableValueGraph,99
com.google.common.graph.StandardMutableValueGraph,100
com.google.common.graph.StandardMutableValueGraph,102
com.google.common.graph.StandardMutableValueGraph,103
com.google.common.graph.StandardMutableValueGraph,104
com.google.common.graph.StandardMutableValueGraph,106
com.google.common.graph.StandardMutableValueGraph,112
com.google.common.graph.StandardMutableValueGraph,113
com.google.common.graph.StandardMutableValueGraph,119
com.google.common.graph.StandardMutableValueGraph,121
com.google.common.graph.StandardMutableValueGraph,122
com.google.common.graph.StandardMutableValueGraph,123
com.google.common.graph.StandardMutableValueGraph,126
com.google.common.graph.StandardMutableValueGraph,128
com.google.common.graph.StandardMutableValueGraph,129
com.google.common.graph.StandardMutableValueGraph,130
com.google.common.graph.StandardMutableValueGraph,134
com.google.common.graph.StandardMutableValueGraph,135
com.google.common.graph.StandardMutableValueGraph,136
com.google.common.graph.StandardMutableValueGraph,137
com.google.common.graph.StandardMutableValueGraph,138
com.google.common.graph.StandardMutableValueGraph,139
com.google.common.graph.StandardMutableValueGraph,140
com.google.common.graph.StandardMutableValueGraph,141
com.google.common.graph.StandardMutableValueGraph,142
com.google.common.graph.StandardMutableValueGraph,144
com.google.common.graph.StandardMutableValueGraph,145
com.google.common.graph.StandardMutableValueGraph,146
com.google.common.graph.StandardMutableValueGraph,152
com.google.common.graph.StandardMutableValueGraph,153
com.google.common.graph.StandardMutableValueGraph,155
com.google.common.graph.StandardMutableValueGraph,156
com.google.common.graph.StandardMutableValueGraph,157
com.google.common.graph.StandardMutableValueGraph,158
com.google.common.graph.StandardMutableValueGraph,161
com.google.common.graph.StandardMutableValueGraph,162
com.google.common.graph.StandardMutableValueGraph,163
com.google.common.graph.StandardMutableValueGraph,164
com.google.common.graph.StandardMutableValueGraph,166
com.google.common.graph.StandardMutableValueGraph,172
com.google.common.graph.StandardMutableValueGraph,173
com.google.common.graph.StandardMutableValueGraph,177
com.google.common.graph.StandardMutableValueGraph,178
com.google.common.graph.StandardMutableValueGraph,179
com.google.common.graph.StandardMutableValueGraph,177
com.google.common.graph.StandardValueGraph,62
com.google.common.graph.StandardValueGraph,72
com.google.common.graph.StandardValueGraph,73
com.google.common.graph.StandardValueGraph,74
com.google.common.graph.StandardValueGraph,76
com.google.common.graph.StandardValueGraph,80
com.google.common.graph.StandardValueGraph,81
com.google.common.graph.StandardValueGraph,85
com.google.common.graph.StandardValueGraph,90
com.google.common.graph.StandardValueGraph,95
com.google.common.graph.StandardValueGraph,100
com.google.common.graph.StandardValueGraph,105
com.google.common.graph.StandardValueGraph,110
com.google.common.graph.StandardValueGraph,115
com.google.common.graph.StandardValueGraph,120
com.google.common.graph.StandardValueGraph,122
com.google.common.graph.StandardValueGraph,132
com.google.common.graph.StandardValueGraph,137
com.google.common.graph.StandardValueGraph,138
com.google.common.graph.StandardValueGraph,139
com.google.common.graph.StandardValueGraph,138
com.google.common.graph.StandardValueGraph,144
com.google.common.graph.StandardValueGraph,149
com.google.common.graph.StandardValueGraph,150
com.google.common.graph.StandardValueGraph,155
com.google.common.graph.StandardValueGraph,159
com.google.common.graph.StandardValueGraph,160
com.google.common.graph.StandardValueGraph,161
com.google.common.graph.StandardValueGraph,162
com.google.common.graph.StandardValueGraph,164
com.google.common.graph.StandardValueGraph,168
com.google.common.graph.StandardValueGraph,172
com.google.common.graph.StandardValueGraph,173
com.google.common.graph.StandardValueGraph,177
com.google.common.graph.StandardValueGraph,178
com.google.common.graph.StandardValueGraph,179
com.google.common.graph.StandardValueGraph,46
com.google.common.graph.StandardValueGraph,46
com.google.common.graph.AbstractValueGraph,45
com.google.common.graph.AbstractValueGraph,110
com.google.common.graph.AbstractValueGraph,115
com.google.common.graph.AbstractValueGraph,120
com.google.common.graph.AbstractValueGraph,121
com.google.common.graph.AbstractValueGraph,123
com.google.common.graph.AbstractValueGraph,124
com.google.common.graph.AbstractValueGraph,126
com.google.common.graph.AbstractValueGraph,128
com.google.common.graph.AbstractValueGraph,129
com.google.common.graph.AbstractValueGraph,130
com.google.common.graph.AbstractValueGraph,128
com.google.common.graph.AbstractValueGraph,135
com.google.common.graph.AbstractValueGraph,141
com.google.common.graph.AbstractValueGraph,142
com.google.common.graph.AbstractValueGraph,144
com.google.common.graph.AbstractValueGraph,146
com.google.common.graph.AbstractValueGraph,148
com.google.common.graph.AbstractValueGraph,141
com.google.common.graph.AbstractValueGraph,39
com.google.common.graph.AbstractValueGraph,39
com.google.common.graph.AbstractValueGraph,39
com.google.common.graph.AbstractValueGraph,39
com.google.common.graph.AbstractValueGraph,39
com.google.common.graph.AbstractValueGraph,39
com.google.common.graph.AbstractValueGraph,39
com.google.common.graph.AbstractValueGraph,39
com.google.common.graph.EndpointPair,47
com.google.common.graph.EndpointPair,48
com.google.common.graph.EndpointPair,49
com.google.common.graph.EndpointPair,91
com.google.common.graph.EndpointPair,99
com.google.common.graph.EndpointPair,108
com.google.common.graph.EndpointPair,109
com.google.common.graph.EndpointPair,110
com.google.common.graph.EndpointPair,111
com.google.common.graph.EndpointPair,113
com.google.common.graph.EndpointPair,126
com.google.common.graph.EndpointPair,40
com.google.common.graph.EndpointPair$Unordered,196
com.google.common.graph.EndpointPair$Unordered,200
com.google.common.graph.EndpointPair$Unordered,205
com.google.common.graph.EndpointPair$Unordered,210
com.google.common.graph.EndpointPair$Unordered,215
com.google.common.graph.EndpointPair$Unordered,216
com.google.common.graph.EndpointPair$Unordered,218
com.google.common.graph.EndpointPair$Unordered,219
com.google.common.graph.EndpointPair$Unordered,222
com.google.common.graph.EndpointPair$Unordered,223
com.google.common.graph.EndpointPair$Unordered,224
com.google.common.graph.EndpointPair$Unordered,231
com.google.common.graph.EndpointPair$Unordered,237
com.google.common.graph.EndpointPair$Unordered,239
com.google.common.graph.EndpointPair$Unordered,244
com.google.common.graph.EndpointPair$Unordered,249
com.google.common.graph.EndpointPair$Unordered,193
com.google.common.graph.EndpointPair$Ordered,148
com.google.common.graph.EndpointPair$Ordered,152
com.google.common.graph.EndpointPair$Ordered,157
com.google.common.graph.EndpointPair$Ordered,162
com.google.common.graph.EndpointPair$Ordered,167
com.google.common.graph.EndpointPair$Ordered,168
com.google.common.graph.EndpointPair$Ordered,170
com.google.common.graph.EndpointPair$Ordered,171
com.google.common.graph.EndpointPair$Ordered,174
com.google.common.graph.EndpointPair$Ordered,175
com.google.common.graph.EndpointPair$Ordered,176
com.google.common.graph.EndpointPair$Ordered,179
com.google.common.graph.EndpointPair$Ordered,184
com.google.common.graph.EndpointPair$Ordered,189
com.google.common.graph.EndpointPair$Ordered,145
com.google.common.graph.StandardMutableNetwork,48
com.google.common.graph.StandardMutableNetwork,53
com.google.common.graph.StandardMutableNetwork,55
com.google.common.graph.StandardMutableNetwork,56
com.google.common.graph.StandardMutableNetwork,59
com.google.common.graph.StandardMutableNetwork,60
com.google.common.graph.StandardMutableNetwork,70
com.google.common.graph.StandardMutableNetwork,71
com.google.common.graph.StandardMutableNetwork,72
com.google.common.graph.StandardMutableNetwork,78
com.google.common.graph.StandardMutableNetwork,79
com.google.common.graph.StandardMutableNetwork,80
com.google.common.graph.StandardMutableNetwork,82
com.google.common.graph.StandardMutableNetwork,83
com.google.common.graph.StandardMutableNetwork,84
com.google.common.graph.StandardMutableNetwork,85
com.google.common.graph.StandardMutableNetwork,86
com.google.common.graph.StandardMutableNetwork,85
com.google.common.graph.StandardMutableNetwork,91
com.google.common.graph.StandardMutableNetwork,93
com.google.common.graph.StandardMutableNetwork,94
com.google.common.graph.StandardMutableNetwork,95
com.google.common.graph.StandardMutableNetwork,96
com.google.common.graph.StandardMutableNetwork,95
com.google.common.graph.StandardMutableNetwork,101
com.google.common.graph.StandardMutableNetwork,102
com.google.common.graph.StandardMutableNetwork,103
com.google.common.graph.StandardMutableNetwork,106
com.google.common.graph.StandardMutableNetwork,107
com.google.common.graph.StandardMutableNetwork,109
com.google.common.graph.StandardMutableNetwork,110
com.google.common.graph.StandardMutableNetwork,111
com.google.common.graph.StandardMutableNetwork,112
com.google.common.graph.StandardMutableNetwork,114
com.google.common.graph.StandardMutableNetwork,115
com.google.common.graph.StandardMutableNetwork,116
com.google.common.graph.StandardMutableNetwork,122
com.google.common.graph.StandardMutableNetwork,123
com.google.common.graph.StandardMutableNetwork,129
com.google.common.graph.StandardMutableNetwork,131
com.google.common.graph.StandardMutableNetwork,132
com.google.common.graph.StandardMutableNetwork,133
com.google.common.graph.StandardMutableNetwork,138
com.google.common.graph.StandardMutableNetwork,139
com.google.common.graph.StandardMutableNetwork,140
com.google.common.graph.StandardMutableNetwork,141
com.google.common.graph.StandardMutableNetwork,142
com.google.common.graph.StandardMutableNetwork,148
com.google.common.graph.StandardMutableNetwork,150
com.google.common.graph.StandardMutableNetwork,151
com.google.common.graph.StandardMutableNetwork,152
com.google.common.graph.StandardMutableNetwork,155
com.google.common.graph.StandardMutableNetwork,156
com.google.common.graph.StandardMutableNetwork,157
com.google.common.graph.StandardMutableNetwork,158
com.google.common.graph.StandardMutableNetwork,159
com.google.common.graph.StandardMutableNetwork,160
com.google.common.graph.StandardMutableNetwork,161
com.google.common.graph.StandardMutableNetwork,165
com.google.common.graph.StandardMutableNetwork,166
com.google.common.graph.StandardMutableNetwork,167
com.google.common.graph.StandardMutableNetwork,168
com.google.common.graph.StandardMutableNetwork,169
com.google.common.graph.StandardMutableNetwork,170
com.google.common.graph.StandardMutableNetwork,171
com.google.common.graph.StandardMutableNetwork,165
com.google.common.graph.StandardNetwork,71
com.google.common.graph.StandardNetwork,81
com.google.common.graph.StandardNetwork,82
com.google.common.graph.StandardNetwork,83
com.google.common.graph.StandardNetwork,84
com.google.common.graph.StandardNetwork,85
com.google.common.graph.StandardNetwork,88
com.google.common.graph.StandardNetwork,92
com.google.common.graph.StandardNetwork,93
com.google.common.graph.StandardNetwork,97
com.google.common.graph.StandardNetwork,102
com.google.common.graph.StandardNetwork,107
com.google.common.graph.StandardNetwork,112
com.google.common.graph.StandardNetwork,117
com.google.common.graph.StandardNetwork,122
com.google.common.graph.StandardNetwork,127
com.google.common.graph.StandardNetwork,132
com.google.common.graph.StandardNetwork,137
com.google.common.graph.StandardNetwork,138
com.google.common.graph.StandardNetwork,139
com.google.common.graph.StandardNetwork,144
com.google.common.graph.StandardNetwork,149
com.google.common.graph.StandardNetwork,150
com.google.common.graph.StandardNetwork,151
com.google.common.graph.StandardNetwork,153
com.google.common.graph.StandardNetwork,154
com.google.common.graph.StandardNetwork,159
com.google.common.graph.StandardNetwork,164
com.google.common.graph.StandardNetwork,169
com.google.common.graph.StandardNetwork,174
com.google.common.graph.StandardNetwork,178
com.google.common.graph.StandardNetwork,179
com.google.common.graph.StandardNetwork,180
com.google.common.graph.StandardNetwork,181
com.google.common.graph.StandardNetwork,183
com.google.common.graph.StandardNetwork,187
com.google.common.graph.StandardNetwork,188
com.google.common.graph.StandardNetwork,189
com.google.common.graph.StandardNetwork,190
com.google.common.graph.StandardNetwork,192
com.google.common.graph.StandardNetwork,196
com.google.common.graph.StandardNetwork,200
com.google.common.graph.StandardNetwork,51
com.google.common.graph.StandardNetwork,51
com.google.common.graph.AbstractNetwork,57
com.google.common.graph.AbstractNetwork,148
com.google.common.graph.AbstractNetwork,149
com.google.common.graph.AbstractNetwork,151
com.google.common.graph.AbstractNetwork,157
com.google.common.graph.AbstractNetwork,162
com.google.common.graph.AbstractNetwork,167
com.google.common.graph.AbstractNetwork,168
com.google.common.graph.AbstractNetwork,169
com.google.common.graph.AbstractNetwork,170
com.google.common.graph.AbstractNetwork,175
com.google.common.graph.AbstractNetwork,176
com.google.common.graph.AbstractNetwork,177
com.google.common.graph.AbstractNetwork,178
com.google.common.graph.AbstractNetwork,179
com.google.common.graph.AbstractNetwork,177
com.google.common.graph.AbstractNetwork,184
com.google.common.graph.AbstractNetwork,185
com.google.common.graph.AbstractNetwork,189
com.google.common.graph.AbstractNetwork,199
com.google.common.graph.AbstractNetwork,204
com.google.common.graph.AbstractNetwork,205
com.google.common.graph.AbstractNetwork,210
com.google.common.graph.AbstractNetwork,211
com.google.common.graph.AbstractNetwork,213
com.google.common.graph.AbstractNetwork,215
com.google.common.graph.AbstractNetwork,217
com.google.common.graph.AbstractNetwork,223
com.google.common.graph.AbstractNetwork,224
com.google.common.graph.AbstractNetwork,229
com.google.common.graph.AbstractNetwork,230
com.google.common.graph.AbstractNetwork,231
com.google.common.graph.AbstractNetwork,236
com.google.common.graph.AbstractNetwork,237
com.google.common.graph.AbstractNetwork,238
com.google.common.graph.AbstractNetwork,240
com.google.common.graph.AbstractNetwork,248
com.google.common.graph.AbstractNetwork,249
com.google.common.graph.AbstractNetwork,250
com.google.common.graph.AbstractNetwork,253
com.google.common.graph.AbstractNetwork,258
com.google.common.graph.AbstractNetwork,259
com.google.common.graph.AbstractNetwork,261
com.google.common.graph.AbstractNetwork,262
com.google.common.graph.AbstractNetwork,264
com.google.common.graph.AbstractNetwork,266
com.google.common.graph.AbstractNetwork,267
com.google.common.graph.AbstractNetwork,268
com.google.common.graph.AbstractNetwork,266
com.google.common.graph.AbstractNetwork,273
com.google.common.graph.AbstractNetwork,279
com.google.common.graph.AbstractNetwork,280
com.google.common.graph.AbstractNetwork,282
com.google.common.graph.AbstractNetwork,284
com.google.common.graph.AbstractNetwork,286
com.google.common.graph.AbstractNetwork,288
com.google.common.graph.AbstractNetwork,279
com.google.common.graph.DirectedGraphConnections$PredAndSucc,62
com.google.common.graph.DirectedGraphConnections$PredAndSucc,63
