org.apache.commons.collections4.map.TransformedSortedMap,123
org.apache.commons.collections4.map.TransformedSortedMap,132
org.apache.commons.collections4.map.TransformedSortedMap,138
org.apache.commons.collections4.map.TransformedSortedMap,143
org.apache.commons.collections4.map.TransformedSortedMap,148
org.apache.commons.collections4.map.TransformedSortedMap,153
org.apache.commons.collections4.map.TransformedSortedMap,154
org.apache.commons.collections4.map.TransformedSortedMap,159
org.apache.commons.collections4.map.TransformedSortedMap,160
org.apache.commons.collections4.map.TransformedSortedMap,165
org.apache.commons.collections4.map.TransformedSortedMap,166
org.apache.commons.collections4.map.TransformedMap,130
org.apache.commons.collections4.map.TransformedMap,131
org.apache.commons.collections4.map.TransformedMap,132
org.apache.commons.collections4.map.TransformedMap,143
org.apache.commons.collections4.map.TransformedMap,144
org.apache.commons.collections4.map.TransformedMap,145
org.apache.commons.collections4.map.TransformedMap,157
org.apache.commons.collections4.map.TransformedMap,158
org.apache.commons.collections4.map.TransformedMap,159
org.apache.commons.collections4.map.TransformedMap,171
org.apache.commons.collections4.map.TransformedMap,172
org.apache.commons.collections4.map.TransformedMap,174
org.apache.commons.collections4.map.TransformedMap,186
org.apache.commons.collections4.map.TransformedMap,187
org.apache.commons.collections4.map.TransformedMap,189
org.apache.commons.collections4.map.TransformedMap,202
org.apache.commons.collections4.map.TransformedMap,203
org.apache.commons.collections4.map.TransformedMap,205
org.apache.commons.collections4.map.TransformedMap,207
org.apache.commons.collections4.map.TransformedMap,208
org.apache.commons.collections4.map.TransformedMap,209
org.apache.commons.collections4.map.TransformedMap,210
org.apache.commons.collections4.map.TransformedMap,222
org.apache.commons.collections4.map.TransformedMap,233
org.apache.commons.collections4.map.TransformedMap,239
org.apache.commons.collections4.map.TransformedMap,240
org.apache.commons.collections4.map.TransformedMap,241
org.apache.commons.collections4.map.TransformedMap,246
org.apache.commons.collections4.map.TransformedMap,247
org.apache.commons.collections4.map.TransformedMap,248
org.apache.commons.collections4.map.TransformedMap,52
org.apache.commons.collections4.map.AbstractInputCheckedMapDecorator,54
org.apache.commons.collections4.map.AbstractInputCheckedMapDecorator,64
org.apache.commons.collections4.map.AbstractInputCheckedMapDecorator,97
org.apache.commons.collections4.map.AbstractInputCheckedMapDecorator,103
org.apache.commons.collections4.map.AbstractInputCheckedMapDecorator,104
org.apache.commons.collections4.map.AbstractInputCheckedMapDecorator,106
org.apache.commons.collections4.map.AbstractMapDecorator,53
org.apache.commons.collections4.map.AbstractMapDecorator,62
org.apache.commons.collections4.map.AbstractMapDecorator,63
org.apache.commons.collections4.map.AbstractMapDecorator,71
org.apache.commons.collections4.map.AbstractMapDecorator,77
org.apache.commons.collections4.map.AbstractMapDecorator,78
org.apache.commons.collections4.map.AbstractMapDecorator,82
org.apache.commons.collections4.map.AbstractMapDecorator,87
org.apache.commons.collections4.map.AbstractMapDecorator,92
org.apache.commons.collections4.map.AbstractMapDecorator,97
org.apache.commons.collections4.map.AbstractMapDecorator,102
org.apache.commons.collections4.map.AbstractMapDecorator,107
org.apache.commons.collections4.map.AbstractMapDecorator,112
org.apache.commons.collections4.map.AbstractMapDecorator,117
org.apache.commons.collections4.map.AbstractMapDecorator,118
org.apache.commons.collections4.map.AbstractMapDecorator,122
org.apache.commons.collections4.map.AbstractMapDecorator,127
org.apache.commons.collections4.map.AbstractMapDecorator,132
org.apache.commons.collections4.map.AbstractMapDecorator,137
org.apache.commons.collections4.map.AbstractMapDecorator,138
org.apache.commons.collections4.map.AbstractMapDecorator,140
org.apache.commons.collections4.map.AbstractMapDecorator,145
org.apache.commons.collections4.map.AbstractMapDecorator,150
org.apache.commons.collections4.map.AbstractIterableMap,36
org.apache.commons.collections4.map.LinkedMap,80
org.apache.commons.collections4.map.LinkedMap,90
org.apache.commons.collections4.map.LinkedMap,103
org.apache.commons.collections4.map.LinkedMap,113
org.apache.commons.collections4.map.LinkedMap,123
org.apache.commons.collections4.map.LinkedMap,133
org.apache.commons.collections4.map.LinkedMap,134
org.apache.commons.collections4.map.LinkedMap,135
org.apache.commons.collections4.map.LinkedMap,145
org.apache.commons.collections4.map.LinkedMap,146
org.apache.commons.collections4.map.LinkedMap,147
org.apache.commons.collections4.map.LinkedMap,158
org.apache.commons.collections4.map.LinkedMap,169
org.apache.commons.collections4.map.LinkedMap,179
org.apache.commons.collections4.map.LinkedMap,180
org.apache.commons.collections4.map.LinkedMap,181
org.apache.commons.collections4.map.LinkedMap,182
org.apache.commons.collections4.map.LinkedMap,183
org.apache.commons.collections4.map.LinkedMap,181
org.apache.commons.collections4.map.LinkedMap,186
org.apache.commons.collections4.map.LinkedMap,198
org.apache.commons.collections4.map.LinkedMap,217
org.apache.commons.collections4.map.LinkedMap,70
org.apache.commons.collections4.map.LinkedMap,70
org.apache.commons.collections4.map.AbstractLinkedMap,78
org.apache.commons.collections4.map.AbstractLinkedMap,89
org.apache.commons.collections4.map.AbstractLinkedMap,99
org.apache.commons.collections4.map.AbstractLinkedMap,112
org.apache.commons.collections4.map.AbstractLinkedMap,122
org.apache.commons.collections4.map.AbstractLinkedMap,133
org.apache.commons.collections4.map.AbstractLinkedMap,134
org.apache.commons.collections4.map.AbstractLinkedMap,135
org.apache.commons.collections4.map.AbstractLinkedMap,147
org.apache.commons.collections4.map.AbstractLinkedMap,148
org.apache.commons.collections4.map.AbstractLinkedMap,149
org.apache.commons.collections4.map.AbstractLinkedMap,150
org.apache.commons.collections4.map.AbstractLinkedMap,148
org.apache.commons.collections4.map.AbstractLinkedMap,154
org.apache.commons.collections4.map.AbstractLinkedMap,155
org.apache.commons.collections4.map.AbstractLinkedMap,156
org.apache.commons.collections4.map.AbstractLinkedMap,154
org.apache.commons.collections4.map.AbstractLinkedMap,160
org.apache.commons.collections4.map.AbstractLinkedMap,170
org.apache.commons.collections4.map.AbstractLinkedMap,171
org.apache.commons.collections4.map.AbstractLinkedMap,172
org.apache.commons.collections4.map.AbstractLinkedMap,182
org.apache.commons.collections4.map.AbstractLinkedMap,183
org.apache.commons.collections4.map.AbstractLinkedMap,185
org.apache.commons.collections4.map.AbstractLinkedMap,195
org.apache.commons.collections4.map.AbstractLinkedMap,196
org.apache.commons.collections4.map.AbstractLinkedMap,198
org.apache.commons.collections4.map.AbstractLinkedMap,209
org.apache.commons.collections4.map.AbstractLinkedMap,210
org.apache.commons.collections4.map.AbstractLinkedMap,215
org.apache.commons.collections4.map.AbstractLinkedMap,226
org.apache.commons.collections4.map.AbstractLinkedMap,227
org.apache.commons.collections4.map.AbstractLinkedMap,239
org.apache.commons.collections4.map.AbstractLinkedMap,240
org.apache.commons.collections4.map.AbstractLinkedMap,242
org.apache.commons.collections4.map.AbstractLinkedMap,243
org.apache.commons.collections4.map.AbstractLinkedMap,246
org.apache.commons.collections4.map.AbstractLinkedMap,248
org.apache.commons.collections4.map.AbstractLinkedMap,249
org.apache.commons.collections4.map.AbstractLinkedMap,250
org.apache.commons.collections4.map.AbstractLinkedMap,249
org.apache.commons.collections4.map.AbstractLinkedMap,254
org.apache.commons.collections4.map.AbstractLinkedMap,255
org.apache.commons.collections4.map.AbstractLinkedMap,256
org.apache.commons.collections4.map.AbstractLinkedMap,255
org.apache.commons.collections4.map.AbstractLinkedMap,259
org.apache.commons.collections4.map.AbstractLinkedMap,273
org.apache.commons.collections4.map.AbstractLinkedMap,274
org.apache.commons.collections4.map.AbstractLinkedMap,275
org.apache.commons.collections4.map.AbstractLinkedMap,276
org.apache.commons.collections4.map.AbstractLinkedMap,277
org.apache.commons.collections4.map.AbstractLinkedMap,278
org.apache.commons.collections4.map.AbstractLinkedMap,279
org.apache.commons.collections4.map.AbstractLinkedMap,294
org.apache.commons.collections4.map.AbstractLinkedMap,309
org.apache.commons.collections4.map.AbstractLinkedMap,310
org.apache.commons.collections4.map.AbstractLinkedMap,311
org.apache.commons.collections4.map.AbstractLinkedMap,312
org.apache.commons.collections4.map.AbstractLinkedMap,313
org.apache.commons.collections4.map.AbstractLinkedMap,314
org.apache.commons.collections4.map.AbstractLinkedMap,315
org.apache.commons.collections4.map.AbstractLinkedMap,328
org.apache.commons.collections4.map.AbstractLinkedMap,341
org.apache.commons.collections4.map.AbstractLinkedMap,350
org.apache.commons.collections4.map.AbstractLinkedMap,351
org.apache.commons.collections4.map.AbstractLinkedMap,353
org.apache.commons.collections4.map.AbstractLinkedMap,413
org.apache.commons.collections4.map.AbstractLinkedMap,414
org.apache.commons.collections4.map.AbstractLinkedMap,416
org.apache.commons.collections4.map.AbstractLinkedMap,449
org.apache.commons.collections4.map.AbstractLinkedMap,450
org.apache.commons.collections4.map.AbstractLinkedMap,452
org.apache.commons.collections4.map.AbstractLinkedMap,486
org.apache.commons.collections4.map.AbstractLinkedMap,487
org.apache.commons.collections4.map.AbstractLinkedMap,489
org.apache.commons.collections4.map.AbstractLinkedMap,69
org.apache.commons.collections4.map.AbstractLinkedMap,69
org.apache.commons.collections4.map.AbstractLinkedMap,69
org.apache.commons.collections4.map.AbstractHashedMap,101
org.apache.commons.collections4.map.AbstractHashedMap,112
org.apache.commons.collections4.map.AbstractHashedMap,113
org.apache.commons.collections4.map.AbstractHashedMap,114
org.apache.commons.collections4.map.AbstractHashedMap,115
org.apache.commons.collections4.map.AbstractHashedMap,116
org.apache.commons.collections4.map.AbstractHashedMap,127
org.apache.commons.collections4.map.AbstractHashedMap,140
org.apache.commons.collections4.map.AbstractHashedMap,141
org.apache.commons.collections4.map.AbstractHashedMap,143
org.apache.commons.collections4.map.AbstractHashedMap,144
org.apache.commons.collections4.map.AbstractHashedMap,146
org.apache.commons.collections4.map.AbstractHashedMap,147
org.apache.commons.collections4.map.AbstractHashedMap,148
org.apache.commons.collections4.map.AbstractHashedMap,149
org.apache.commons.collections4.map.AbstractHashedMap,150
org.apache.commons.collections4.map.AbstractHashedMap,151
org.apache.commons.collections4.map.AbstractHashedMap,161
org.apache.commons.collections4.map.AbstractHashedMap,162
org.apache.commons.collections4.map.AbstractHashedMap,169
org.apache.commons.collections4.map.AbstractHashedMap,180
org.apache.commons.collections4.map.AbstractHashedMap,181
org.apache.commons.collections4.map.AbstractHashedMap,182
org.apache.commons.collections4.map.AbstractHashedMap,183
org.apache.commons.collections4.map.AbstractHashedMap,184
org.apache.commons.collections4.map.AbstractHashedMap,185
org.apache.commons.collections4.map.AbstractHashedMap,187
org.apache.commons.collections4.map.AbstractHashedMap,189
org.apache.commons.collections4.map.AbstractHashedMap,199
org.apache.commons.collections4.map.AbstractHashedMap,209
org.apache.commons.collections4.map.AbstractHashedMap,221
org.apache.commons.collections4.map.AbstractHashedMap,222
org.apache.commons.collections4.map.AbstractHashedMap,223
org.apache.commons.collections4.map.AbstractHashedMap,224
org.apache.commons.collections4.map.AbstractHashedMap,225
org.apache.commons.collections4.map.AbstractHashedMap,226
org.apache.commons.collections4.map.AbstractHashedMap,228
org.apache.commons.collections4.map.AbstractHashedMap,230
org.apache.commons.collections4.map.AbstractHashedMap,241
org.apache.commons.collections4.map.AbstractHashedMap,242
org.apache.commons.collections4.map.AbstractHashedMap,243
org.apache.commons.collections4.map.AbstractHashedMap,244
org.apache.commons.collections4.map.AbstractHashedMap,245
org.apache.commons.collections4.map.AbstractHashedMap,246
org.apache.commons.collections4.map.AbstractHashedMap,248
org.apache.commons.collections4.map.AbstractHashedMap,242
org.apache.commons.collections4.map.AbstractHashedMap,252
org.apache.commons.collections4.map.AbstractHashedMap,253
org.apache.commons.collections4.map.AbstractHashedMap,254
org.apache.commons.collections4.map.AbstractHashedMap,255
org.apache.commons.collections4.map.AbstractHashedMap,256
org.apache.commons.collections4.map.AbstractHashedMap,258
org.apache.commons.collections4.map.AbstractHashedMap,252
org.apache.commons.collections4.map.AbstractHashedMap,262
org.apache.commons.collections4.map.AbstractHashedMap,275
org.apache.commons.collections4.map.AbstractHashedMap,276
org.apache.commons.collections4.map.AbstractHashedMap,277
org.apache.commons.collections4.map.AbstractHashedMap,278
org.apache.commons.collections4.map.AbstractHashedMap,279
org.apache.commons.collections4.map.AbstractHashedMap,280
org.apache.commons.collections4.map.AbstractHashedMap,281
org.apache.commons.collections4.map.AbstractHashedMap,282
org.apache.commons.collections4.map.AbstractHashedMap,283
org.apache.commons.collections4.map.AbstractHashedMap,285
org.apache.commons.collections4.map.AbstractHashedMap,288
org.apache.commons.collections4.map.AbstractHashedMap,289
org.apache.commons.collections4.map.AbstractHashedMap,303
org.apache.commons.collections4.map.AbstractHashedMap,304
org.apache.commons.collections4.map.AbstractHashedMap,319
org.apache.commons.collections4.map.AbstractHashedMap,320
org.apache.commons.collections4.map.AbstractHashedMap,321
org.apache.commons.collections4.map.AbstractHashedMap,323
org.apache.commons.collections4.map.AbstractHashedMap,324
org.apache.commons.collections4.map.AbstractHashedMap,325
org.apache.commons.collections4.map.AbstractHashedMap,326
org.apache.commons.collections4.map.AbstractHashedMap,327
org.apache.commons.collections4.map.AbstractHashedMap,328
org.apache.commons.collections4.map.AbstractHashedMap,338
org.apache.commons.collections4.map.AbstractHashedMap,339
org.apache.commons.collections4.map.AbstractHashedMap,340
org.apache.commons.collections4.map.AbstractHashedMap,341
org.apache.commons.collections4.map.AbstractHashedMap,342
org.apache.commons.collections4.map.AbstractHashedMap,343
org.apache.commons.collections4.map.AbstractHashedMap,344
org.apache.commons.collections4.map.AbstractHashedMap,345
org.apache.commons.collections4.map.AbstractHashedMap,346
org.apache.commons.collections4.map.AbstractHashedMap,347
org.apache.commons.collections4.map.AbstractHashedMap,349
org.apache.commons.collections4.map.AbstractHashedMap,350
org.apache.commons.collections4.map.AbstractHashedMap,352
org.apache.commons.collections4.map.AbstractHashedMap,361
org.apache.commons.collections4.map.AbstractHashedMap,362
org.apache.commons.collections4.map.AbstractHashedMap,363
org.apache.commons.collections4.map.AbstractHashedMap,364
org.apache.commons.collections4.map.AbstractHashedMap,365
org.apache.commons.collections4.map.AbstractHashedMap,380
org.apache.commons.collections4.map.AbstractHashedMap,393
org.apache.commons.collections4.map.AbstractHashedMap,394
org.apache.commons.collections4.map.AbstractHashedMap,395
org.apache.commons.collections4.map.AbstractHashedMap,396
org.apache.commons.collections4.map.AbstractHashedMap,397
org.apache.commons.collections4.map.AbstractHashedMap,398
org.apache.commons.collections4.map.AbstractHashedMap,411
org.apache.commons.collections4.map.AbstractHashedMap,424
org.apache.commons.collections4.map.AbstractHashedMap,437
org.apache.commons.collections4.map.AbstractHashedMap,452
org.apache.commons.collections4.map.AbstractHashedMap,453
org.apache.commons.collections4.map.AbstractHashedMap,454
org.apache.commons.collections4.map.AbstractHashedMap,455
org.apache.commons.collections4.map.AbstractHashedMap,456
org.apache.commons.collections4.map.AbstractHashedMap,457
org.apache.commons.collections4.map.AbstractHashedMap,459
org.apache.commons.collections4.map.AbstractHashedMap,461
org.apache.commons.collections4.map.AbstractHashedMap,475
org.apache.commons.collections4.map.AbstractHashedMap,476
org.apache.commons.collections4.map.AbstractHashedMap,492
org.apache.commons.collections4.map.AbstractHashedMap,493
org.apache.commons.collections4.map.AbstractHashedMap,494
org.apache.commons.collections4.map.AbstractHashedMap,495
org.apache.commons.collections4.map.AbstractHashedMap,496
org.apache.commons.collections4.map.AbstractHashedMap,513
org.apache.commons.collections4.map.AbstractHashedMap,514
org.apache.commons.collections4.map.AbstractHashedMap,515
org.apache.commons.collections4.map.AbstractHashedMap,516
org.apache.commons.collections4.map.AbstractHashedMap,517
org.apache.commons.collections4.map.AbstractHashedMap,518
org.apache.commons.collections4.map.AbstractHashedMap,534
org.apache.commons.collections4.map.AbstractHashedMap,547
org.apache.commons.collections4.map.AbstractHashedMap,548
org.apache.commons.collections4.map.AbstractHashedMap,563
org.apache.commons.collections4.map.AbstractHashedMap,564
org.apache.commons.collections4.map.AbstractHashedMap,565
org.apache.commons.collections4.map.AbstractHashedMap,566
org.apache.commons.collections4.map.AbstractHashedMap,567
org.apache.commons.collections4.map.AbstractHashedMap,581
org.apache.commons.collections4.map.AbstractHashedMap,582
org.apache.commons.collections4.map.AbstractHashedMap,584
org.apache.commons.collections4.map.AbstractHashedMap,586
org.apache.commons.collections4.map.AbstractHashedMap,597
org.apache.commons.collections4.map.AbstractHashedMap,598
org.apache.commons.collections4.map.AbstractHashedMap,599
org.apache.commons.collections4.map.AbstractHashedMap,600
org.apache.commons.collections4.map.AbstractHashedMap,609
org.apache.commons.collections4.map.AbstractHashedMap,610
org.apache.commons.collections4.map.AbstractHashedMap,611
org.apache.commons.collections4.map.AbstractHashedMap,612
org.apache.commons.collections4.map.AbstractHashedMap,615
org.apache.commons.collections4.map.AbstractHashedMap,624
org.apache.commons.collections4.map.AbstractHashedMap,625
org.apache.commons.collections4.map.AbstractHashedMap,626
org.apache.commons.collections4.map.AbstractHashedMap,628
org.apache.commons.collections4.map.AbstractHashedMap,629
org.apache.commons.collections4.map.AbstractHashedMap,630
org.apache.commons.collections4.map.AbstractHashedMap,632
org.apache.commons.collections4.map.AbstractHashedMap,633
org.apache.commons.collections4.map.AbstractHashedMap,635
org.apache.commons.collections4.map.AbstractHashedMap,636
org.apache.commons.collections4.map.AbstractHashedMap,637
org.apache.commons.collections4.map.AbstractHashedMap,638
org.apache.commons.collections4.map.AbstractHashedMap,639
org.apache.commons.collections4.map.AbstractHashedMap,641
org.apache.commons.collections4.map.AbstractHashedMap,642
org.apache.commons.collections4.map.AbstractHashedMap,643
org.apache.commons.collections4.map.AbstractHashedMap,644
org.apache.commons.collections4.map.AbstractHashedMap,645
org.apache.commons.collections4.map.AbstractHashedMap,646
org.apache.commons.collections4.map.AbstractHashedMap,636
org.apache.commons.collections4.map.AbstractHashedMap,649
org.apache.commons.collections4.map.AbstractHashedMap,650
org.apache.commons.collections4.map.AbstractHashedMap,652
org.apache.commons.collections4.map.AbstractHashedMap,662
org.apache.commons.collections4.map.AbstractHashedMap,663
org.apache.commons.collections4.map.AbstractHashedMap,664
org.apache.commons.collections4.map.AbstractHashedMap,666
org.apache.commons.collections4.map.AbstractHashedMap,667
org.apache.commons.collections4.map.AbstractHashedMap,669
org.apache.commons.collections4.map.AbstractHashedMap,670
org.apache.commons.collections4.map.AbstractHashedMap,673
org.apache.commons.collections4.map.AbstractHashedMap,685
org.apache.commons.collections4.map.AbstractHashedMap,699
org.apache.commons.collections4.map.AbstractHashedMap,712
org.apache.commons.collections4.map.AbstractHashedMap,725
org.apache.commons.collections4.map.AbstractHashedMap,738
org.apache.commons.collections4.map.AbstractHashedMap,755
org.apache.commons.collections4.map.AbstractHashedMap,756
org.apache.commons.collections4.map.AbstractHashedMap,758
org.apache.commons.collections4.map.AbstractHashedMap,816
org.apache.commons.collections4.map.AbstractHashedMap,817
org.apache.commons.collections4.map.AbstractHashedMap,819
org.apache.commons.collections4.map.AbstractHashedMap,829
org.apache.commons.collections4.map.AbstractHashedMap,830
org.apache.commons.collections4.map.AbstractHashedMap,832
org.apache.commons.collections4.map.AbstractHashedMap,916
org.apache.commons.collections4.map.AbstractHashedMap,917
org.apache.commons.collections4.map.AbstractHashedMap,919
org.apache.commons.collections4.map.AbstractHashedMap,929
org.apache.commons.collections4.map.AbstractHashedMap,930
org.apache.commons.collections4.map.AbstractHashedMap,932
org.apache.commons.collections4.map.AbstractHashedMap,1004
org.apache.commons.collections4.map.AbstractHashedMap,1005
org.apache.commons.collections4.map.AbstractHashedMap,1007
org.apache.commons.collections4.map.AbstractHashedMap,1017
org.apache.commons.collections4.map.AbstractHashedMap,1018
org.apache.commons.collections4.map.AbstractHashedMap,1020
org.apache.commons.collections4.map.AbstractHashedMap,1256
org.apache.commons.collections4.map.AbstractHashedMap,1257
org.apache.commons.collections4.map.AbstractHashedMap,1258
org.apache.commons.collections4.map.AbstractHashedMap,1259
org.apache.commons.collections4.map.AbstractHashedMap,1260
org.apache.commons.collections4.map.AbstractHashedMap,1261
org.apache.commons.collections4.map.AbstractHashedMap,1263
org.apache.commons.collections4.map.AbstractHashedMap,1287
org.apache.commons.collections4.map.AbstractHashedMap,1288
org.apache.commons.collections4.map.AbstractHashedMap,1289
org.apache.commons.collections4.map.AbstractHashedMap,1290
org.apache.commons.collections4.map.AbstractHashedMap,1291
org.apache.commons.collections4.map.AbstractHashedMap,1292
org.apache.commons.collections4.map.AbstractHashedMap,1293
org.apache.commons.collections4.map.AbstractHashedMap,1294
org.apache.commons.collections4.map.AbstractHashedMap,1295
org.apache.commons.collections4.map.AbstractHashedMap,1296
org.apache.commons.collections4.map.AbstractHashedMap,1293
org.apache.commons.collections4.map.AbstractHashedMap,1298
org.apache.commons.collections4.map.AbstractHashedMap,1314
org.apache.commons.collections4.map.AbstractHashedMap,1315
org.apache.commons.collections4.map.AbstractHashedMap,1316
org.apache.commons.collections4.map.AbstractHashedMap,1317
org.apache.commons.collections4.map.AbstractHashedMap,1318
org.apache.commons.collections4.map.AbstractHashedMap,1319
org.apache.commons.collections4.map.AbstractHashedMap,1320
org.apache.commons.collections4.map.AbstractHashedMap,1321
org.apache.commons.collections4.map.AbstractHashedMap,1322
org.apache.commons.collections4.map.AbstractHashedMap,1323
org.apache.commons.collections4.map.AbstractHashedMap,1324
org.apache.commons.collections4.map.AbstractHashedMap,1325
org.apache.commons.collections4.map.AbstractHashedMap,1337
org.apache.commons.collections4.map.AbstractHashedMap,1338
org.apache.commons.collections4.map.AbstractHashedMap,1340
org.apache.commons.collections4.map.AbstractHashedMap,1341
org.apache.commons.collections4.map.AbstractHashedMap,1343
org.apache.commons.collections4.map.AbstractHashedMap,1344
org.apache.commons.collections4.map.AbstractHashedMap,1345
org.apache.commons.collections4.map.AbstractHashedMap,1347
org.apache.commons.collections4.map.AbstractHashedMap,1349
org.apache.commons.collections4.map.AbstractHashedMap,1350
org.apache.commons.collections4.map.AbstractHashedMap,1351
org.apache.commons.collections4.map.AbstractHashedMap,1352
org.apache.commons.collections4.map.AbstractHashedMap,1353
org.apache.commons.collections4.map.AbstractHashedMap,1354
org.apache.commons.collections4.map.AbstractHashedMap,1357
org.apache.commons.collections4.map.AbstractHashedMap,1358
org.apache.commons.collections4.map.AbstractHashedMap,1361
org.apache.commons.collections4.map.AbstractHashedMap,1364
org.apache.commons.collections4.map.AbstractHashedMap,1362
org.apache.commons.collections4.map.AbstractHashedMap,1363
org.apache.commons.collections4.map.AbstractHashedMap,1365
org.apache.commons.collections4.map.AbstractHashedMap,1375
org.apache.commons.collections4.map.AbstractHashedMap,1376
org.apache.commons.collections4.map.AbstractHashedMap,1377
org.apache.commons.collections4.map.AbstractHashedMap,1378
org.apache.commons.collections4.map.AbstractHashedMap,1380
org.apache.commons.collections4.map.AbstractHashedMap,1390
org.apache.commons.collections4.map.AbstractHashedMap,1391
org.apache.commons.collections4.map.AbstractHashedMap,1393
org.apache.commons.collections4.map.AbstractHashedMap,1394
org.apache.commons.collections4.map.AbstractHashedMap,1396
org.apache.commons.collections4.map.AbstractHashedMap,1397
org.apache.commons.collections4.map.AbstractHashedMap,1398
org.apache.commons.collections4.map.AbstractHashedMap,1399
org.apache.commons.collections4.map.AbstractHashedMap,1400
org.apache.commons.collections4.map.AbstractHashedMap,1401
org.apache.commons.collections4.map.AbstractHashedMap,1402
org.apache.commons.collections4.map.AbstractHashedMap,1403
org.apache.commons.collections4.map.AbstractHashedMap,1405
org.apache.commons.collections4.map.AbstractHashedMap,1406
org.apache.commons.collections4.map.AbstractHashedMap,1407
org.apache.commons.collections4.map.AbstractHashedMap,1409
org.apache.commons.collections4.map.AbstractHashedMap,1411
org.apache.commons.collections4.map.AbstractHashedMap,1412
org.apache.commons.collections4.map.AbstractHashedMap,60
org.apache.commons.collections4.map.AbstractHashedMap$HashEntry,1098
org.apache.commons.collections4.map.AbstractHashedMap$HashEntry,1099
org.apache.commons.collections4.map.AbstractHashedMap$HashEntry,1100
org.apache.commons.collections4.map.AbstractHashedMap$HashEntry,1101
org.apache.commons.collections4.map.AbstractHashedMap$HashEntry,1102
org.apache.commons.collections4.map.AbstractHashedMap$HashEntry,1107
org.apache.commons.collections4.map.AbstractHashedMap$HashEntry,1108
org.apache.commons.collections4.map.AbstractHashedMap$HashEntry,1110
org.apache.commons.collections4.map.AbstractHashedMap$HashEntry,1116
org.apache.commons.collections4.map.AbstractHashedMap$HashEntry,1122
org.apache.commons.collections4.map.AbstractHashedMap$HashEntry,1123
org.apache.commons.collections4.map.AbstractHashedMap$HashEntry,1124
org.apache.commons.collections4.map.AbstractHashedMap$HashEntry,1129
org.apache.commons.collections4.map.AbstractHashedMap$HashEntry,1130
org.apache.commons.collections4.map.AbstractHashedMap$HashEntry,1132
org.apache.commons.collections4.map.AbstractHashedMap$HashEntry,1133
org.apache.commons.collections4.map.AbstractHashedMap$HashEntry,1135
org.apache.commons.collections4.map.AbstractHashedMap$HashEntry,1136
org.apache.commons.collections4.map.AbstractHashedMap$HashEntry,1137
org.apache.commons.collections4.map.AbstractHashedMap$HashEntry,1138
org.apache.commons.collections4.map.AbstractHashedMap$HashEntry,1136
org.apache.commons.collections4.map.AbstractHashedMap$HashEntry,1143
org.apache.commons.collections4.map.AbstractHashedMap$HashEntry,1144
org.apache.commons.collections4.map.AbstractHashedMap$HashEntry,1143
org.apache.commons.collections4.map.AbstractHashedMap$HashEntry,1149
org.apache.commons.collections4.map.AbstractLinkedMap$LinkEntry,539
org.apache.commons.collections4.map.AbstractInputCheckedMapDecorator$EntrySet,123
org.apache.commons.collections4.map.AbstractInputCheckedMapDecorator$EntrySet,124
org.apache.commons.collections4.map.AbstractInputCheckedMapDecorator$EntrySet,128
org.apache.commons.collections4.map.AbstractInputCheckedMapDecorator$EntrySet,134
org.apache.commons.collections4.map.AbstractInputCheckedMapDecorator$EntrySet,135
org.apache.commons.collections4.map.AbstractInputCheckedMapDecorator$EntrySet,136
org.apache.commons.collections4.map.AbstractInputCheckedMapDecorator$EntrySet,135
org.apache.commons.collections4.map.AbstractInputCheckedMapDecorator$EntrySet,138
org.apache.commons.collections4.map.AbstractInputCheckedMapDecorator$EntrySet,144
org.apache.commons.collections4.map.AbstractInputCheckedMapDecorator$EntrySet,145
org.apache.commons.collections4.map.AbstractInputCheckedMapDecorator$EntrySet,148
org.apache.commons.collections4.map.AbstractInputCheckedMapDecorator$EntrySet,150
org.apache.commons.collections4.map.AbstractInputCheckedMapDecorator$EntrySet,151
org.apache.commons.collections4.map.AbstractInputCheckedMapDecorator$EntrySet,152
org.apache.commons.collections4.map.AbstractInputCheckedMapDecorator$EntrySet,151
org.apache.commons.collections4.map.AbstractInputCheckedMapDecorator$EntrySet,156
org.apache.commons.collections4.map.AbstractInputCheckedMapDecorator$EntrySet,157
org.apache.commons.collections4.map.AbstractInputCheckedMapDecorator$EntrySet,161
org.apache.commons.collections4.map.AbstractInputCheckedMapDecorator$EntrySet,162
org.apache.commons.collections4.map.AbstractInputCheckedMapDecorator$EntrySet,163
org.apache.commons.collections4.map.AbstractInputCheckedMapDecorator$EntrySet,165
org.apache.commons.collections4.map.AbstractInputCheckedMapDecorator$EntrySetIterator,180
org.apache.commons.collections4.map.AbstractInputCheckedMapDecorator$EntrySetIterator,181
org.apache.commons.collections4.map.AbstractInputCheckedMapDecorator$EntrySetIterator,185
org.apache.commons.collections4.map.AbstractInputCheckedMapDecorator$EntrySetIterator,186
org.apache.commons.collections4.map.AbstractInputCheckedMapDecorator$EntrySetIterator,172
org.apache.commons.collections4.map.AbstractInputCheckedMapDecorator$MapEntry,200
org.apache.commons.collections4.map.AbstractInputCheckedMapDecorator$MapEntry,201
org.apache.commons.collections4.map.AbstractInputCheckedMapDecorator$MapEntry,205
org.apache.commons.collections4.map.AbstractInputCheckedMapDecorator$MapEntry,206
org.apache.commons.collections4.map.AbstractHashedMap$EntrySet,846
org.apache.commons.collections4.map.AbstractHashedMap$EntrySet,847
org.apache.commons.collections4.map.AbstractHashedMap$EntrySet,851
org.apache.commons.collections4.map.AbstractHashedMap$EntrySet,856
org.apache.commons.collections4.map.AbstractHashedMap$EntrySet,857
org.apache.commons.collections4.map.AbstractHashedMap$EntrySet,861
org.apache.commons.collections4.map.AbstractHashedMap$EntrySet,862
org.apache.commons.collections4.map.AbstractHashedMap$EntrySet,863
org.apache.commons.collections4.map.AbstractHashedMap$EntrySet,864
org.apache.commons.collections4.map.AbstractHashedMap$EntrySet,866
org.apache.commons.collections4.map.AbstractHashedMap$EntrySet,871
org.apache.commons.collections4.map.AbstractHashedMap$EntrySet,872
org.apache.commons.collections4.map.AbstractHashedMap$EntrySet,874
org.apache.commons.collections4.map.AbstractHashedMap$EntrySet,875
org.apache.commons.collections4.map.AbstractHashedMap$EntrySet,877
org.apache.commons.collections4.map.AbstractHashedMap$EntrySet,878
org.apache.commons.collections4.map.AbstractHashedMap$EntrySet,879
org.apache.commons.collections4.map.AbstractHashedMap$EntrySet,884
org.apache.commons.collections4.map.AbstractLinkedMap$EntrySetIterator,427
org.apache.commons.collections4.map.AbstractLinkedMap$EntrySetIterator,431
org.apache.commons.collections4.map.AbstractLinkedMap$EntrySetIterator,436
org.apache.commons.collections4.map.AbstractLinkedMap$EntrySetIterator,422
org.apache.commons.collections4.map.AbstractLinkedMap$EntrySetIterator,422
org.apache.commons.collections4.map.AbstractLinkedMap$LinkIterator,557
org.apache.commons.collections4.map.AbstractLinkedMap$LinkIterator,558
org.apache.commons.collections4.map.AbstractLinkedMap$LinkIterator,559
org.apache.commons.collections4.map.AbstractLinkedMap$LinkIterator,560
org.apache.commons.collections4.map.AbstractLinkedMap$LinkIterator,563
org.apache.commons.collections4.map.AbstractLinkedMap$LinkIterator,567
org.apache.commons.collections4.map.AbstractLinkedMap$LinkIterator,571
org.apache.commons.collections4.map.AbstractLinkedMap$LinkIterator,572
org.apache.commons.collections4.map.AbstractLinkedMap$LinkIterator,574
org.apache.commons.collections4.map.AbstractLinkedMap$LinkIterator,575
org.apache.commons.collections4.map.AbstractLinkedMap$LinkIterator,577
org.apache.commons.collections4.map.AbstractLinkedMap$LinkIterator,578
org.apache.commons.collections4.map.AbstractLinkedMap$LinkIterator,579
org.apache.commons.collections4.map.AbstractLinkedMap$LinkIterator,583
org.apache.commons.collections4.map.AbstractLinkedMap$LinkIterator,584
org.apache.commons.collections4.map.AbstractLinkedMap$LinkIterator,586
org.apache.commons.collections4.map.AbstractLinkedMap$LinkIterator,587
org.apache.commons.collections4.map.AbstractLinkedMap$LinkIterator,588
org.apache.commons.collections4.map.AbstractLinkedMap$LinkIterator,590
org.apache.commons.collections4.map.AbstractLinkedMap$LinkIterator,591
org.apache.commons.collections4.map.AbstractLinkedMap$LinkIterator,592
org.apache.commons.collections4.map.AbstractLinkedMap$LinkIterator,596
org.apache.commons.collections4.map.AbstractLinkedMap$LinkIterator,600
org.apache.commons.collections4.map.AbstractLinkedMap$LinkIterator,601
org.apache.commons.collections4.map.AbstractLinkedMap$LinkIterator,603
org.apache.commons.collections4.map.AbstractLinkedMap$LinkIterator,604
org.apache.commons.collections4.map.AbstractLinkedMap$LinkIterator,606
org.apache.commons.collections4.map.AbstractLinkedMap$LinkIterator,607
org.apache.commons.collections4.map.AbstractLinkedMap$LinkIterator,608
org.apache.commons.collections4.map.AbstractLinkedMap$LinkIterator,609
org.apache.commons.collections4.map.AbstractLinkedMap$LinkIterator,612
org.apache.commons.collections4.map.AbstractLinkedMap$LinkIterator,613
org.apache.commons.collections4.map.AbstractLinkedMap$LinkIterator,614
org.apache.commons.collections4.map.AbstractLinkedMap$LinkIterator,618
org.apache.commons.collections4.map.AbstractLinkedMap$LinkIterator,619
org.apache.commons.collections4.map.AbstractLinkedMap$LinkIterator,621
