com.google.common.graph.NetworkBuilder::com.google.common.graph.AbstractGraphBuilder,28
com.google.common.graph.NetworkBuilder::com.google.common.graph.AbstractGraphBuilder,29
com.google.common.graph.ElementOrder::com.google.common.graph.ElementOrder,74
com.google.common.graph.ElementOrder::com.google.common.graph.ElementOrder,75
com.google.common.graph.ElementOrder::com.google.common.graph.ElementOrder,76
com.google.common.graph.ElementOrder::com.google.common.graph.ElementOrder,77
com.google.common.graph.NetworkBuilder::com.google.common.graph.AbstractGraphBuilder,30
com.google.common.graph.NetworkBuilder::com.google.common.graph.AbstractGraphBuilder,32
com.google.common.graph.NetworkBuilder::com.google.common.graph.AbstractGraphBuilder,41
com.google.common.graph.NetworkBuilder::com.google.common.graph.AbstractGraphBuilder,42
com.google.common.graph.NetworkBuilder::com.google.common.graph.NetworkBuilder,71
com.google.common.graph.NetworkBuilder::com.google.common.graph.NetworkBuilder,72
com.google.common.graph.NetworkBuilder::com.google.common.graph.NetworkBuilder,73
com.google.common.graph.NetworkBuilder::com.google.common.graph.NetworkBuilder,78
com.google.common.graph.ElementOrder::com.google.common.graph.ElementOrder,190
com.google.common.graph.ElementOrder::com.google.common.graph.ElementOrder,195
com.google.common.graph.StandardNetwork::com.google.common.graph.StandardNetwork,81
com.google.common.graph.StandardNetwork::com.google.common.graph.StandardNetwork,82
com.google.common.graph.StandardNetwork::com.google.common.graph.StandardNetwork,83
com.google.common.graph.StandardNetwork::com.google.common.graph.StandardNetwork,84
com.google.common.graph.ElementOrder::com.google.common.graph.ElementOrder,205
com.google.common.graph.StandardNetwork::com.google.common.graph.StandardNetwork,85
com.google.common.graph.StandardNetwork::com.google.common.graph.StandardNetwork,88
com.google.common.graph.StandardNetwork::com.google.common.graph.StandardNetwork,92
com.google.common.graph.StandardNetwork::com.google.common.graph.StandardNetwork,93
com.google.common.graph.StandardNetwork::com.google.common.graph.StandardNetwork,71
com.google.common.graph.StandardNetwork::com.google.common.graph.StandardNetwork,107
com.google.common.graph.StandardNetwork::com.google.common.graph.StandardNetwork,112
com.google.common.graph.NetworkBuilder::com.google.common.graph.NetworkBuilder,125
com.google.common.graph.NetworkBuilder::com.google.common.graph.NetworkBuilder,126
com.google.common.graph.StandardNetwork::com.google.common.graph.StandardNetwork,117
com.google.common.graph.NetworkBuilder::com.google.common.graph.NetworkBuilder,137
com.google.common.graph.NetworkBuilder::com.google.common.graph.NetworkBuilder,138
com.google.common.graph.StandardNetwork::com.google.common.graph.StandardNetwork,122
com.google.common.graph.NetworkBuilder::com.google.common.graph.NetworkBuilder,167
com.google.common.graph.NetworkBuilder::com.google.common.graph.NetworkBuilder,190
com.google.common.graph.NetworkBuilder::com.google.common.graph.NetworkBuilder,168
com.google.common.graph.NetworkBuilder::com.google.common.graph.NetworkBuilder,169
com.google.common.graph.StandardNetwork::com.google.common.graph.StandardNetwork,127
com.google.common.graph.NetworkBuilder::com.google.common.graph.NetworkBuilder,178
com.google.common.graph.NetworkBuilder::com.google.common.graph.NetworkBuilder,179
com.google.common.graph.NetworkBuilder::com.google.common.graph.NetworkBuilder,180
com.google.common.graph.StandardMutableNetwork::com.google.common.graph.StandardNetwork,81
com.google.common.graph.StandardMutableNetwork::com.google.common.graph.StandardNetwork,82
com.google.common.graph.StandardMutableNetwork::com.google.common.graph.StandardNetwork,83
com.google.common.graph.StandardMutableNetwork::com.google.common.graph.StandardNetwork,84
com.google.common.graph.StandardMutableNetwork::com.google.common.graph.StandardNetwork,85
com.google.common.graph.StandardMutableNetwork::com.google.common.graph.StandardNetwork,88
com.google.common.graph.StandardMutableNetwork::com.google.common.graph.StandardNetwork,92
com.google.common.graph.StandardMutableNetwork::com.google.common.graph.StandardNetwork,93
com.google.common.graph.StandardMutableNetwork::com.google.common.graph.StandardNetwork,71
com.google.common.graph.StandardMutableNetwork::com.google.common.graph.StandardMutableNetwork,48
com.google.common.graph.StandardMutableNetwork::com.google.common.graph.StandardNetwork,107
com.google.common.graph.StandardMutableNetwork::com.google.common.graph.StandardNetwork,112
com.google.common.graph.StandardMutableNetwork::com.google.common.graph.StandardNetwork,117
com.google.common.graph.StandardMutableNetwork::com.google.common.graph.StandardNetwork,122
com.google.common.graph.StandardMutableNetwork::com.google.common.graph.StandardNetwork,127
com.google.common.graph.StandardMutableNetwork::com.google.common.graph.StandardNetwork,97
com.google.common.graph.MapIteratorCache$1::com.google.common.graph.MapIteratorCache$1,93
com.google.common.graph.MapIteratorCache$1::com.google.common.graph.MapIteratorCache$1,96
com.google.common.graph.MapIteratorCache$1::com.google.common.graph.MapIteratorCache$1,98
com.google.common.graph.MapIteratorCache$1$1::com.google.common.graph.MapIteratorCache$1$1,101
com.google.common.graph.StandardMutableNetwork::com.google.common.graph.StandardNetwork,102
com.google.common.graph.ImmutableNetwork::com.google.common.graph.StandardNetwork,81
com.google.common.graph.ImmutableNetwork::com.google.common.graph.StandardNetwork,82
com.google.common.graph.ImmutableNetwork::com.google.common.graph.StandardNetwork,83
com.google.common.graph.ImmutableNetwork::com.google.common.graph.StandardNetwork,84
com.google.common.graph.ImmutableNetwork::com.google.common.graph.StandardNetwork,85
com.google.common.graph.ImmutableNetwork::com.google.common.graph.StandardNetwork,88
com.google.common.graph.ImmutableNetwork::com.google.common.graph.StandardNetwork,92
com.google.common.graph.ImmutableNetwork::com.google.common.graph.StandardNetwork,93
com.google.common.graph.ImmutableNetwork::com.google.common.graph.ImmutableNetwork,54
com.google.common.graph.ImmutableNetwork::com.google.common.graph.ImmutableNetwork,46
com.google.common.graph.ImmutableNetwork::com.google.common.graph.StandardNetwork,107
com.google.common.graph.ImmutableNetwork::com.google.common.graph.StandardNetwork,112
com.google.common.graph.ImmutableNetwork::com.google.common.graph.StandardNetwork,117
com.google.common.graph.ImmutableNetwork::com.google.common.graph.StandardNetwork,122
com.google.common.graph.ImmutableNetwork::com.google.common.graph.StandardNetwork,127
com.google.common.graph.NetworkBuilder::com.google.common.graph.NetworkBuilder,147
com.google.common.graph.NetworkBuilder::com.google.common.graph.NetworkBuilder,148
com.google.common.graph.NetworkBuilder::com.google.common.graph.NetworkBuilder,114
com.google.common.graph.NetworkBuilder::com.google.common.graph.NetworkBuilder,115
com.google.common.graph.ImmutableNetwork$Builder::com.google.common.graph.ImmutableNetwork$Builder,172
com.google.common.graph.NetworkBuilder::com.google.common.graph.NetworkBuilder,185
com.google.common.graph.NetworkBuilder::com.google.common.graph.NetworkBuilder,157
com.google.common.graph.NetworkBuilder::com.google.common.graph.NetworkBuilder,158
com.google.common.graph.ImmutableNetwork$Builder::com.google.common.graph.ImmutableNetwork$Builder,173
