org.apache.commons.collections4.map.PassiveExpiringMap$ConstantTimeToLiveExpirationPolicy,91
org.apache.commons.collections4.map.PassiveExpiringMap$ConstantTimeToLiveExpirationPolicy,105
org.apache.commons.collections4.map.PassiveExpiringMap$ConstantTimeToLiveExpirationPolicy,106
org.apache.commons.collections4.map.PassiveExpiringMap$ConstantTimeToLiveExpirationPolicy,123
org.apache.commons.collections4.map.PassiveExpiringMap$ConstantTimeToLiveExpirationPolicy,137
org.apache.commons.collections4.map.PassiveExpiringMap$ConstantTimeToLiveExpirationPolicy,139
org.apache.commons.collections4.map.PassiveExpiringMap$ConstantTimeToLiveExpirationPolicy,140
org.apache.commons.collections4.map.PassiveExpiringMap$ConstantTimeToLiveExpirationPolicy,143
org.apache.commons.collections4.map.PassiveExpiringMap$ConstantTimeToLiveExpirationPolicy,147
org.apache.commons.collections4.map.PassiveExpiringMap$ConstantTimeToLiveExpirationPolicy,151
org.apache.commons.collections4.map.PassiveExpiringMap,210
org.apache.commons.collections4.map.PassiveExpiringMap,222
org.apache.commons.collections4.map.PassiveExpiringMap,199
org.apache.commons.collections4.map.PassiveExpiringMap,238
org.apache.commons.collections4.map.PassiveExpiringMap,239
org.apache.commons.collections4.map.PassiveExpiringMap,254
org.apache.commons.collections4.map.PassiveExpiringMap,273
org.apache.commons.collections4.map.PassiveExpiringMap,289
org.apache.commons.collections4.map.PassiveExpiringMap,309
org.apache.commons.collections4.map.PassiveExpiringMap,321
org.apache.commons.collections4.map.PassiveExpiringMap,329
org.apache.commons.collections4.map.PassiveExpiringMap,330
org.apache.commons.collections4.map.PassiveExpiringMap,331
org.apache.commons.collections4.map.PassiveExpiringMap,340
org.apache.commons.collections4.map.PassiveExpiringMap,341
org.apache.commons.collections4.map.PassiveExpiringMap,351
org.apache.commons.collections4.map.PassiveExpiringMap,352
org.apache.commons.collections4.map.PassiveExpiringMap,361
org.apache.commons.collections4.map.PassiveExpiringMap,362
org.apache.commons.collections4.map.PassiveExpiringMap,371
org.apache.commons.collections4.map.PassiveExpiringMap,372
org.apache.commons.collections4.map.PassiveExpiringMap,381
org.apache.commons.collections4.map.PassiveExpiringMap,382
org.apache.commons.collections4.map.PassiveExpiringMap,397
org.apache.commons.collections4.map.PassiveExpiringMap,398
org.apache.commons.collections4.map.PassiveExpiringMap,399
org.apache.commons.collections4.map.PassiveExpiringMap,401
org.apache.commons.collections4.map.PassiveExpiringMap,410
org.apache.commons.collections4.map.PassiveExpiringMap,411
org.apache.commons.collections4.map.PassiveExpiringMap,418
org.apache.commons.collections4.map.PassiveExpiringMap,430
org.apache.commons.collections4.map.PassiveExpiringMap,433
org.apache.commons.collections4.map.PassiveExpiringMap,434
org.apache.commons.collections4.map.PassiveExpiringMap,436
org.apache.commons.collections4.map.PassiveExpiringMap,441
org.apache.commons.collections4.map.PassiveExpiringMap,442
org.apache.commons.collections4.map.PassiveExpiringMap,443
org.apache.commons.collections4.map.PassiveExpiringMap,444
org.apache.commons.collections4.map.PassiveExpiringMap,453
org.apache.commons.collections4.map.PassiveExpiringMap,454
org.apache.commons.collections4.map.PassiveExpiringMap,465
org.apache.commons.collections4.map.PassiveExpiringMap,466
org.apache.commons.collections4.map.PassiveExpiringMap,467
org.apache.commons.collections4.map.PassiveExpiringMap,468
org.apache.commons.collections4.map.PassiveExpiringMap,470
org.apache.commons.collections4.map.PassiveExpiringMap,472
org.apache.commons.collections4.map.PassiveExpiringMap,474
org.apache.commons.collections4.map.PassiveExpiringMap,475
org.apache.commons.collections4.map.PassiveExpiringMap,483
org.apache.commons.collections4.map.PassiveExpiringMap,484
org.apache.commons.collections4.map.PassiveExpiringMap,485
org.apache.commons.collections4.map.PassiveExpiringMap,487
org.apache.commons.collections4.map.PassiveExpiringMap,495
org.apache.commons.collections4.map.PassiveExpiringMap,496
org.apache.commons.collections4.map.PassiveExpiringMap,510
org.apache.commons.collections4.map.PassiveExpiringMap,511
org.apache.commons.collections4.map.PassiveExpiringMap,512
org.apache.commons.collections4.map.PassiveExpiringMap,522
org.apache.commons.collections4.map.PassiveExpiringMap,523
org.apache.commons.collections4.map.PassiveExpiringMap,524
org.apache.commons.collections4.map.PassiveExpiringMap,532
org.apache.commons.collections4.map.PassiveExpiringMap,533
org.apache.commons.collections4.map.AbstractMapDecorator,53
org.apache.commons.collections4.map.AbstractMapDecorator,62
org.apache.commons.collections4.map.AbstractMapDecorator,63
org.apache.commons.collections4.map.AbstractMapDecorator,71
org.apache.commons.collections4.map.AbstractMapDecorator,77
org.apache.commons.collections4.map.AbstractMapDecorator,78
org.apache.commons.collections4.map.AbstractMapDecorator,82
org.apache.commons.collections4.map.AbstractMapDecorator,87
org.apache.commons.collections4.map.AbstractMapDecorator,92
org.apache.commons.collections4.map.AbstractMapDecorator,97
org.apache.commons.collections4.map.AbstractMapDecorator,102
org.apache.commons.collections4.map.AbstractMapDecorator,107
org.apache.commons.collections4.map.AbstractMapDecorator,112
org.apache.commons.collections4.map.AbstractMapDecorator,117
org.apache.commons.collections4.map.AbstractMapDecorator,118
org.apache.commons.collections4.map.AbstractMapDecorator,122
org.apache.commons.collections4.map.AbstractMapDecorator,127
org.apache.commons.collections4.map.AbstractMapDecorator,132
org.apache.commons.collections4.map.AbstractMapDecorator,137
org.apache.commons.collections4.map.AbstractMapDecorator,138
org.apache.commons.collections4.map.AbstractMapDecorator,140
org.apache.commons.collections4.map.AbstractMapDecorator,145
org.apache.commons.collections4.map.AbstractMapDecorator,150
org.apache.commons.collections4.map.AbstractIterableMap,36
