org.apache.commons.validator.routines.PercentValidator,72
org.apache.commons.validator.routines.PercentValidator,82
org.apache.commons.validator.routines.PercentValidator,101
org.apache.commons.validator.routines.PercentValidator,102
org.apache.commons.validator.routines.PercentValidator,103
org.apache.commons.validator.routines.PercentValidator,107
org.apache.commons.validator.routines.PercentValidator,108
org.apache.commons.validator.routines.PercentValidator,109
org.apache.commons.validator.routines.PercentValidator,110
org.apache.commons.validator.routines.PercentValidator,111
org.apache.commons.validator.routines.PercentValidator,112
org.apache.commons.validator.routines.PercentValidator,113
org.apache.commons.validator.routines.PercentValidator,111
org.apache.commons.validator.routines.PercentValidator,116
org.apache.commons.validator.routines.PercentValidator,117
org.apache.commons.validator.routines.PercentValidator,120
org.apache.commons.validator.routines.PercentValidator,121
org.apache.commons.validator.routines.PercentValidator,125
org.apache.commons.validator.routines.BigDecimalValidator,88
org.apache.commons.validator.routines.BigDecimalValidator,98
org.apache.commons.validator.routines.BigDecimalValidator,126
org.apache.commons.validator.routines.BigDecimalValidator,137
org.apache.commons.validator.routines.BigDecimalValidator,150
org.apache.commons.validator.routines.BigDecimalValidator,162
org.apache.commons.validator.routines.BigDecimalValidator,176
org.apache.commons.validator.routines.BigDecimalValidator,189
org.apache.commons.validator.routines.BigDecimalValidator,201
org.apache.commons.validator.routines.BigDecimalValidator,213
org.apache.commons.validator.routines.BigDecimalValidator,226
org.apache.commons.validator.routines.BigDecimalValidator,227
org.apache.commons.validator.routines.BigDecimalValidator,228
org.apache.commons.validator.routines.BigDecimalValidator,230
org.apache.commons.validator.routines.BigDecimalValidator,233
org.apache.commons.validator.routines.BigDecimalValidator,234
org.apache.commons.validator.routines.BigDecimalValidator,235
org.apache.commons.validator.routines.BigDecimalValidator,238
org.apache.commons.validator.routines.AbstractNumberValidator,63
org.apache.commons.validator.routines.AbstractNumberValidator,64
org.apache.commons.validator.routines.AbstractNumberValidator,65
org.apache.commons.validator.routines.AbstractNumberValidator,75
org.apache.commons.validator.routines.AbstractNumberValidator,85
org.apache.commons.validator.routines.AbstractNumberValidator,99
org.apache.commons.validator.routines.AbstractNumberValidator,100
org.apache.commons.validator.routines.AbstractNumberValidator,113
org.apache.commons.validator.routines.AbstractNumberValidator,125
org.apache.commons.validator.routines.AbstractNumberValidator,126
org.apache.commons.validator.routines.AbstractNumberValidator,128
org.apache.commons.validator.routines.AbstractNumberValidator,140
org.apache.commons.validator.routines.AbstractNumberValidator,141
org.apache.commons.validator.routines.AbstractNumberValidator,143
org.apache.commons.validator.routines.AbstractNumberValidator,157
org.apache.commons.validator.routines.AbstractNumberValidator,158
org.apache.commons.validator.routines.AbstractNumberValidator,159
org.apache.commons.validator.routines.AbstractNumberValidator,161
org.apache.commons.validator.routines.AbstractNumberValidator,162
org.apache.commons.validator.routines.AbstractNumberValidator,190
org.apache.commons.validator.routines.AbstractNumberValidator,191
org.apache.commons.validator.routines.AbstractNumberValidator,192
org.apache.commons.validator.routines.AbstractNumberValidator,193
org.apache.commons.validator.routines.AbstractNumberValidator,194
org.apache.commons.validator.routines.AbstractNumberValidator,195
org.apache.commons.validator.routines.AbstractNumberValidator,197
org.apache.commons.validator.routines.AbstractNumberValidator,198
org.apache.commons.validator.routines.AbstractNumberValidator,201
org.apache.commons.validator.routines.AbstractNumberValidator,202
org.apache.commons.validator.routines.AbstractNumberValidator,204
org.apache.commons.validator.routines.AbstractNumberValidator,215
org.apache.commons.validator.routines.AbstractNumberValidator,216
org.apache.commons.validator.routines.AbstractNumberValidator,218
org.apache.commons.validator.routines.AbstractNumberValidator,219
org.apache.commons.validator.routines.AbstractNumberValidator,221
org.apache.commons.validator.routines.AbstractNumberValidator,222
org.apache.commons.validator.routines.AbstractNumberValidator,223
org.apache.commons.validator.routines.AbstractNumberValidator,224
org.apache.commons.validator.routines.AbstractNumberValidator,226
org.apache.commons.validator.routines.AbstractNumberValidator,227
org.apache.commons.validator.routines.AbstractNumberValidator,228
org.apache.commons.validator.routines.AbstractNumberValidator,229
org.apache.commons.validator.routines.AbstractNumberValidator,230
org.apache.commons.validator.routines.AbstractNumberValidator,231
org.apache.commons.validator.routines.AbstractNumberValidator,232
org.apache.commons.validator.routines.AbstractNumberValidator,234
org.apache.commons.validator.routines.AbstractNumberValidator,235
org.apache.commons.validator.routines.AbstractNumberValidator,237
org.apache.commons.validator.routines.AbstractNumberValidator,248
org.apache.commons.validator.routines.AbstractNumberValidator,249
org.apache.commons.validator.routines.AbstractNumberValidator,251
org.apache.commons.validator.routines.AbstractNumberValidator,252
org.apache.commons.validator.routines.AbstractNumberValidator,254
org.apache.commons.validator.routines.AbstractNumberValidator,256
org.apache.commons.validator.routines.AbstractNumberValidator,258
org.apache.commons.validator.routines.AbstractNumberValidator,259
org.apache.commons.validator.routines.AbstractNumberValidator,261
org.apache.commons.validator.routines.AbstractNumberValidator,263
org.apache.commons.validator.routines.AbstractNumberValidator,265
org.apache.commons.validator.routines.AbstractNumberValidator,266
org.apache.commons.validator.routines.AbstractNumberValidator,268
org.apache.commons.validator.routines.AbstractNumberValidator,270
org.apache.commons.validator.routines.AbstractNumberValidator,271
org.apache.commons.validator.routines.AbstractNumberValidator,275
org.apache.commons.validator.routines.AbstractFormatValidator,46
org.apache.commons.validator.routines.AbstractFormatValidator,47
org.apache.commons.validator.routines.AbstractFormatValidator,67
org.apache.commons.validator.routines.AbstractFormatValidator,77
org.apache.commons.validator.routines.AbstractFormatValidator,88
org.apache.commons.validator.routines.AbstractFormatValidator,99
org.apache.commons.validator.routines.AbstractFormatValidator,120
org.apache.commons.validator.routines.AbstractFormatValidator,132
org.apache.commons.validator.routines.AbstractFormatValidator,144
org.apache.commons.validator.routines.AbstractFormatValidator,157
org.apache.commons.validator.routines.AbstractFormatValidator,158
org.apache.commons.validator.routines.AbstractFormatValidator,169
org.apache.commons.validator.routines.AbstractFormatValidator,181
org.apache.commons.validator.routines.AbstractFormatValidator,182
org.apache.commons.validator.routines.AbstractFormatValidator,183
org.apache.commons.validator.routines.AbstractFormatValidator,184
org.apache.commons.validator.routines.AbstractFormatValidator,187
org.apache.commons.validator.routines.AbstractFormatValidator,188
org.apache.commons.validator.routines.AbstractFormatValidator,191
org.apache.commons.validator.routines.AbstractFormatValidator,192
org.apache.commons.validator.routines.AbstractFormatValidator,195
