org.ta4j.core.indicators.helpers.HighPriceIndicator,36
org.ta4j.core.indicators.helpers.PriceIndicator,42
org.ta4j.core.indicators.helpers.PriceIndicator,43
org.ta4j.core.indicators.helpers.PriceIndicator,47
org.ta4j.core.indicators.helpers.PriceIndicator,48
org.ta4j.core.indicators.helpers.PriceIndicator,36
org.ta4j.core.indicators.CachedIndicator,46
org.ta4j.core.indicators.CachedIndicator,52
org.ta4j.core.indicators.CachedIndicator,61
org.ta4j.core.indicators.CachedIndicator,70
org.ta4j.core.indicators.CachedIndicator,74
org.ta4j.core.indicators.CachedIndicator,75
org.ta4j.core.indicators.CachedIndicator,79
org.ta4j.core.indicators.CachedIndicator,84
org.ta4j.core.indicators.CachedIndicator,85
org.ta4j.core.indicators.CachedIndicator,88
org.ta4j.core.indicators.CachedIndicator,90
org.ta4j.core.indicators.CachedIndicator,91
org.ta4j.core.indicators.CachedIndicator,90
org.ta4j.core.indicators.CachedIndicator,92
org.ta4j.core.indicators.CachedIndicator,93
org.ta4j.core.indicators.CachedIndicator,94
org.ta4j.core.indicators.CachedIndicator,95
org.ta4j.core.indicators.CachedIndicator,99
org.ta4j.core.indicators.CachedIndicator,100
org.ta4j.core.indicators.CachedIndicator,103
org.ta4j.core.indicators.CachedIndicator,105
org.ta4j.core.indicators.CachedIndicator,107
org.ta4j.core.indicators.CachedIndicator,108
org.ta4j.core.indicators.CachedIndicator,110
org.ta4j.core.indicators.CachedIndicator,111
org.ta4j.core.indicators.CachedIndicator,112
org.ta4j.core.indicators.CachedIndicator,115
org.ta4j.core.indicators.CachedIndicator,116
org.ta4j.core.indicators.CachedIndicator,117
org.ta4j.core.indicators.CachedIndicator,118
org.ta4j.core.indicators.CachedIndicator,119
org.ta4j.core.indicators.CachedIndicator,125
org.ta4j.core.indicators.CachedIndicator,141
org.ta4j.core.indicators.CachedIndicator,142
org.ta4j.core.indicators.CachedIndicator,143
org.ta4j.core.indicators.CachedIndicator,144
org.ta4j.core.indicators.CachedIndicator,145
org.ta4j.core.indicators.CachedIndicator,146
org.ta4j.core.indicators.CachedIndicator,147
org.ta4j.core.indicators.CachedIndicator,148
org.ta4j.core.indicators.CachedIndicator,150
org.ta4j.core.indicators.CachedIndicator,152
org.ta4j.core.indicators.CachedIndicator,153
org.ta4j.core.indicators.CachedIndicator,155
org.ta4j.core.indicators.CachedIndicator,164
org.ta4j.core.indicators.CachedIndicator,165
org.ta4j.core.indicators.CachedIndicator,167
org.ta4j.core.indicators.CachedIndicator,168
org.ta4j.core.indicators.CachedIndicator,169
org.ta4j.core.indicators.CachedIndicator,168
org.ta4j.core.indicators.CachedIndicator,172
org.ta4j.core.indicators.AbstractIndicator,40
org.ta4j.core.indicators.AbstractIndicator,50
org.ta4j.core.indicators.AbstractIndicator,51
org.ta4j.core.indicators.AbstractIndicator,55
org.ta4j.core.indicators.AbstractIndicator,60
org.ta4j.core.indicators.AbstractIndicator,65
org.ta4j.core.indicators.SMAIndicator,44
org.ta4j.core.indicators.SMAIndicator,45
org.ta4j.core.indicators.SMAIndicator,46
org.ta4j.core.indicators.SMAIndicator,50
org.ta4j.core.indicators.SMAIndicator,51
org.ta4j.core.indicators.SMAIndicator,52
org.ta4j.core.indicators.SMAIndicator,51
org.ta4j.core.indicators.SMAIndicator,55
org.ta4j.core.indicators.SMAIndicator,56
org.ta4j.core.indicators.SMAIndicator,61
org.ta4j.core.indicators.SMAIndicator,35
org.ta4j.core.indicators.StochasticOscillatorKIndicator,52
org.ta4j.core.indicators.StochasticOscillatorKIndicator,57
org.ta4j.core.indicators.StochasticOscillatorKIndicator,58
org.ta4j.core.indicators.StochasticOscillatorKIndicator,59
org.ta4j.core.indicators.StochasticOscillatorKIndicator,60
org.ta4j.core.indicators.StochasticOscillatorKIndicator,61
org.ta4j.core.indicators.StochasticOscillatorKIndicator,65
org.ta4j.core.indicators.StochasticOscillatorKIndicator,66
org.ta4j.core.indicators.StochasticOscillatorKIndicator,68
org.ta4j.core.indicators.StochasticOscillatorKIndicator,69
org.ta4j.core.indicators.StochasticOscillatorKIndicator,71
org.ta4j.core.indicators.StochasticOscillatorKIndicator,72
org.ta4j.core.indicators.StochasticOscillatorKIndicator,71
org.ta4j.core.indicators.StochasticOscillatorKIndicator,77
org.ta4j.core.indicators.StochasticOscillatorKIndicator,40
org.ta4j.core.indicators.helpers.ClosePriceIndicator,36
org.ta4j.core.indicators.helpers.LowPriceIndicator,36
