org.apache.commons.validator.routines.TimeValidator,105
org.apache.commons.validator.routines.TimeValidator,117
org.apache.commons.validator.routines.TimeValidator,128
org.apache.commons.validator.routines.TimeValidator,140
org.apache.commons.validator.routines.TimeValidator,152
org.apache.commons.validator.routines.TimeValidator,165
org.apache.commons.validator.routines.TimeValidator,177
org.apache.commons.validator.routines.TimeValidator,190
org.apache.commons.validator.routines.TimeValidator,204
org.apache.commons.validator.routines.TimeValidator,219
org.apache.commons.validator.routines.TimeValidator,232
org.apache.commons.validator.routines.TimeValidator,245
org.apache.commons.validator.routines.TimeValidator,258
org.apache.commons.validator.routines.TimeValidator,271
org.apache.commons.validator.routines.TimeValidator,283
org.apache.commons.validator.routines.AbstractCalendarValidator,55
org.apache.commons.validator.routines.AbstractCalendarValidator,56
org.apache.commons.validator.routines.AbstractCalendarValidator,57
org.apache.commons.validator.routines.AbstractCalendarValidator,69
org.apache.commons.validator.routines.AbstractCalendarValidator,70
org.apache.commons.validator.routines.AbstractCalendarValidator,83
org.apache.commons.validator.routines.AbstractCalendarValidator,97
org.apache.commons.validator.routines.AbstractCalendarValidator,111
org.apache.commons.validator.routines.AbstractCalendarValidator,125
org.apache.commons.validator.routines.AbstractCalendarValidator,140
org.apache.commons.validator.routines.AbstractCalendarValidator,141
org.apache.commons.validator.routines.AbstractCalendarValidator,142
org.apache.commons.validator.routines.AbstractCalendarValidator,143
org.apache.commons.validator.routines.AbstractCalendarValidator,144
org.apache.commons.validator.routines.AbstractCalendarValidator,146
org.apache.commons.validator.routines.AbstractCalendarValidator,158
org.apache.commons.validator.routines.AbstractCalendarValidator,159
org.apache.commons.validator.routines.AbstractCalendarValidator,160
org.apache.commons.validator.routines.AbstractCalendarValidator,161
org.apache.commons.validator.routines.AbstractCalendarValidator,163
org.apache.commons.validator.routines.AbstractCalendarValidator,178
org.apache.commons.validator.routines.AbstractCalendarValidator,179
org.apache.commons.validator.routines.AbstractCalendarValidator,180
org.apache.commons.validator.routines.AbstractCalendarValidator,182
org.apache.commons.validator.routines.AbstractCalendarValidator,183
org.apache.commons.validator.routines.AbstractCalendarValidator,184
org.apache.commons.validator.routines.AbstractCalendarValidator,186
org.apache.commons.validator.routines.AbstractCalendarValidator,213
org.apache.commons.validator.routines.AbstractCalendarValidator,214
org.apache.commons.validator.routines.AbstractCalendarValidator,215
org.apache.commons.validator.routines.AbstractCalendarValidator,216
org.apache.commons.validator.routines.AbstractCalendarValidator,217
org.apache.commons.validator.routines.AbstractCalendarValidator,218
org.apache.commons.validator.routines.AbstractCalendarValidator,220
org.apache.commons.validator.routines.AbstractCalendarValidator,221
org.apache.commons.validator.routines.AbstractCalendarValidator,223
org.apache.commons.validator.routines.AbstractCalendarValidator,224
org.apache.commons.validator.routines.AbstractCalendarValidator,236
org.apache.commons.validator.routines.AbstractCalendarValidator,237
org.apache.commons.validator.routines.AbstractCalendarValidator,238
org.apache.commons.validator.routines.AbstractCalendarValidator,239
org.apache.commons.validator.routines.AbstractCalendarValidator,241
org.apache.commons.validator.routines.AbstractCalendarValidator,243
org.apache.commons.validator.routines.AbstractCalendarValidator,244
org.apache.commons.validator.routines.AbstractCalendarValidator,245
org.apache.commons.validator.routines.AbstractCalendarValidator,247
org.apache.commons.validator.routines.AbstractCalendarValidator,250
org.apache.commons.validator.routines.AbstractCalendarValidator,251
org.apache.commons.validator.routines.AbstractCalendarValidator,252
org.apache.commons.validator.routines.AbstractCalendarValidator,254
org.apache.commons.validator.routines.AbstractCalendarValidator,257
org.apache.commons.validator.routines.AbstractCalendarValidator,258
org.apache.commons.validator.routines.AbstractCalendarValidator,279
org.apache.commons.validator.routines.AbstractCalendarValidator,280
org.apache.commons.validator.routines.AbstractCalendarValidator,281
org.apache.commons.validator.routines.AbstractCalendarValidator,285
org.apache.commons.validator.routines.AbstractCalendarValidator,286
org.apache.commons.validator.routines.AbstractCalendarValidator,290
org.apache.commons.validator.routines.AbstractCalendarValidator,291
org.apache.commons.validator.routines.AbstractCalendarValidator,295
org.apache.commons.validator.routines.AbstractCalendarValidator,296
org.apache.commons.validator.routines.AbstractCalendarValidator,297
org.apache.commons.validator.routines.AbstractCalendarValidator,301
org.apache.commons.validator.routines.AbstractCalendarValidator,302
org.apache.commons.validator.routines.AbstractCalendarValidator,306
org.apache.commons.validator.routines.AbstractCalendarValidator,307
org.apache.commons.validator.routines.AbstractCalendarValidator,310
org.apache.commons.validator.routines.AbstractCalendarValidator,314
org.apache.commons.validator.routines.AbstractCalendarValidator,335
org.apache.commons.validator.routines.AbstractCalendarValidator,336
org.apache.commons.validator.routines.AbstractCalendarValidator,337
org.apache.commons.validator.routines.AbstractCalendarValidator,341
org.apache.commons.validator.routines.AbstractCalendarValidator,342
org.apache.commons.validator.routines.AbstractCalendarValidator,343
org.apache.commons.validator.routines.AbstractCalendarValidator,347
org.apache.commons.validator.routines.AbstractCalendarValidator,348
org.apache.commons.validator.routines.AbstractCalendarValidator,349
org.apache.commons.validator.routines.AbstractCalendarValidator,353
org.apache.commons.validator.routines.AbstractCalendarValidator,354
org.apache.commons.validator.routines.AbstractCalendarValidator,357
org.apache.commons.validator.routines.AbstractCalendarValidator,372
org.apache.commons.validator.routines.AbstractCalendarValidator,373
org.apache.commons.validator.routines.AbstractCalendarValidator,374
org.apache.commons.validator.routines.AbstractCalendarValidator,375
org.apache.commons.validator.routines.AbstractCalendarValidator,376
org.apache.commons.validator.routines.AbstractCalendarValidator,377
org.apache.commons.validator.routines.AbstractCalendarValidator,379
org.apache.commons.validator.routines.AbstractCalendarValidator,392
org.apache.commons.validator.routines.AbstractCalendarValidator,394
org.apache.commons.validator.routines.AbstractCalendarValidator,395
org.apache.commons.validator.routines.AbstractCalendarValidator,398
org.apache.commons.validator.routines.AbstractCalendarValidator,400
org.apache.commons.validator.routines.AbstractCalendarValidator,401
org.apache.commons.validator.routines.AbstractCalendarValidator,403
org.apache.commons.validator.routines.AbstractCalendarValidator,418
org.apache.commons.validator.routines.AbstractCalendarValidator,419
org.apache.commons.validator.routines.AbstractCalendarValidator,420
org.apache.commons.validator.routines.AbstractCalendarValidator,421
org.apache.commons.validator.routines.AbstractCalendarValidator,422
org.apache.commons.validator.routines.AbstractCalendarValidator,424
org.apache.commons.validator.routines.AbstractFormatValidator,46
org.apache.commons.validator.routines.AbstractFormatValidator,47
org.apache.commons.validator.routines.AbstractFormatValidator,67
org.apache.commons.validator.routines.AbstractFormatValidator,77
org.apache.commons.validator.routines.AbstractFormatValidator,88
org.apache.commons.validator.routines.AbstractFormatValidator,99
org.apache.commons.validator.routines.AbstractFormatValidator,120
org.apache.commons.validator.routines.AbstractFormatValidator,132
org.apache.commons.validator.routines.AbstractFormatValidator,144
org.apache.commons.validator.routines.AbstractFormatValidator,157
org.apache.commons.validator.routines.AbstractFormatValidator,158
org.apache.commons.validator.routines.AbstractFormatValidator,169
org.apache.commons.validator.routines.AbstractFormatValidator,181
org.apache.commons.validator.routines.AbstractFormatValidator,182
org.apache.commons.validator.routines.AbstractFormatValidator,183
org.apache.commons.validator.routines.AbstractFormatValidator,184
org.apache.commons.validator.routines.AbstractFormatValidator,187
org.apache.commons.validator.routines.AbstractFormatValidator,188
org.apache.commons.validator.routines.AbstractFormatValidator,191
org.apache.commons.validator.routines.AbstractFormatValidator,192
org.apache.commons.validator.routines.AbstractFormatValidator,195
