org.apache.commons.validator.routines.LongValidator::org.apache.commons.validator.routines.AbstractFormatValidator,46
org.apache.commons.validator.routines.LongValidator::org.apache.commons.validator.routines.AbstractFormatValidator,47
org.apache.commons.validator.routines.LongValidator::org.apache.commons.validator.routines.AbstractNumberValidator,63
org.apache.commons.validator.routines.LongValidator::org.apache.commons.validator.routines.AbstractNumberValidator,64
org.apache.commons.validator.routines.LongValidator::org.apache.commons.validator.routines.AbstractNumberValidator,65
org.apache.commons.validator.routines.LongValidator::org.apache.commons.validator.routines.LongValidator,108
org.apache.commons.validator.routines.LongValidator::org.apache.commons.validator.routines.LongValidator,83
org.apache.commons.validator.routines.LongValidator::org.apache.commons.validator.routines.LongValidator,231
org.apache.commons.validator.routines.LongValidator::org.apache.commons.validator.routines.LongValidator,219
org.apache.commons.validator.routines.LongValidator::org.apache.commons.validator.routines.LongValidator,183
org.apache.commons.validator.routines.LongValidator::org.apache.commons.validator.routines.LongValidator,170
org.apache.commons.validator.routines.LongValidator::org.apache.commons.validator.routines.LongValidator,143
org.apache.commons.validator.routines.LongValidator::org.apache.commons.validator.routines.AbstractNumberValidator,157
org.apache.commons.validator.routines.LongValidator::org.apache.commons.validator.routines.AbstractNumberValidator,158
org.apache.commons.validator.routines.LongValidator::org.apache.commons.validator.routines.AbstractNumberValidator,161
org.apache.commons.validator.routines.LongValidator::org.apache.commons.validator.routines.AbstractNumberValidator,190
org.apache.commons.validator.routines.LongValidator::org.apache.commons.validator.routines.AbstractNumberValidator,191
org.apache.commons.validator.routines.LongValidator::org.apache.commons.validator.routines.AbstractNumberValidator,192
org.apache.commons.validator.routines.LongValidator::org.apache.commons.validator.routines.AbstractNumberValidator,193
org.apache.commons.validator.routines.LongValidator::org.apache.commons.validator.routines.AbstractNumberValidator,248
org.apache.commons.validator.routines.LongValidator::org.apache.commons.validator.routines.AbstractNumberValidator,249
org.apache.commons.validator.routines.LongValidator::org.apache.commons.validator.routines.AbstractNumberValidator,265
org.apache.commons.validator.routines.LongValidator::org.apache.commons.validator.routines.AbstractNumberValidator,268
org.apache.commons.validator.routines.LongValidator::org.apache.commons.validator.routines.AbstractNumberValidator,270
org.apache.commons.validator.routines.LongValidator::org.apache.commons.validator.routines.AbstractNumberValidator,75
org.apache.commons.validator.routines.LongValidator::org.apache.commons.validator.routines.AbstractNumberValidator,271
org.apache.commons.validator.routines.LongValidator::org.apache.commons.validator.routines.AbstractNumberValidator,275
org.apache.commons.validator.routines.LongValidator::org.apache.commons.validator.routines.AbstractNumberValidator,201
org.apache.commons.validator.routines.LongValidator::org.apache.commons.validator.routines.AbstractNumberValidator,202
org.apache.commons.validator.routines.LongValidator::org.apache.commons.validator.routines.AbstractNumberValidator,204
org.apache.commons.validator.routines.LongValidator::org.apache.commons.validator.routines.AbstractNumberValidator,162
org.apache.commons.validator.routines.LongValidator::org.apache.commons.validator.routines.AbstractFormatValidator,181
org.apache.commons.validator.routines.LongValidator::org.apache.commons.validator.routines.AbstractFormatValidator,182
org.apache.commons.validator.routines.LongValidator::org.apache.commons.validator.routines.AbstractFormatValidator,183
org.apache.commons.validator.routines.LongValidator::org.apache.commons.validator.routines.AbstractFormatValidator,187
org.apache.commons.validator.routines.LongValidator::org.apache.commons.validator.routines.AbstractFormatValidator,67
org.apache.commons.validator.routines.LongValidator::org.apache.commons.validator.routines.AbstractFormatValidator,191
org.apache.commons.validator.routines.LongValidator::org.apache.commons.validator.routines.AbstractFormatValidator,192
org.apache.commons.validator.routines.LongValidator::org.apache.commons.validator.routines.LongValidator,246
org.apache.commons.validator.routines.LongValidator::org.apache.commons.validator.routines.LongValidator,247
org.apache.commons.validator.routines.LongValidator::org.apache.commons.validator.routines.AbstractFormatValidator,195
org.apache.commons.validator.routines.LongValidator::org.apache.commons.validator.routines.LongValidator,157
org.apache.commons.validator.routines.LongValidator::org.apache.commons.validator.routines.AbstractNumberValidator,194
org.apache.commons.validator.routines.LongValidator::org.apache.commons.validator.routines.AbstractNumberValidator,197
org.apache.commons.validator.routines.LongValidator::org.apache.commons.validator.routines.AbstractNumberValidator,198
org.apache.commons.validator.routines.LongValidator::org.apache.commons.validator.routines.AbstractNumberValidator,266
org.apache.commons.validator.routines.LongValidator::org.apache.commons.validator.routines.LongValidator,131
org.apache.commons.validator.routines.LongValidator::org.apache.commons.validator.routines.AbstractNumberValidator,195
org.apache.commons.validator.routines.LongValidator::org.apache.commons.validator.routines.LongValidator,119
org.apache.commons.validator.routines.LongValidator::org.apache.commons.validator.routines.LongValidator,207
org.apache.commons.validator.routines.LongValidator::org.apache.commons.validator.routines.LongValidator,195
org.apache.commons.validator.routines.LongValidator::org.apache.commons.validator.routines.LongValidator,249
org.apache.commons.validator.routines.LongValidator::org.apache.commons.validator.routines.AbstractFormatValidator,184
org.apache.commons.validator.routines.LongValidator::org.apache.commons.validator.routines.AbstractNumberValidator,159
