org.apache.bcel.classfile.ConstantPool::org.apache.bcel.classfile.ConstantPool,45
org.apache.bcel.classfile.ConstantPool::org.apache.bcel.classfile.ConstantPool,46
org.apache.bcel.classfile.ArrayElementValue::org.apache.bcel.classfile.ElementValue,49
org.apache.bcel.classfile.ArrayElementValue::org.apache.bcel.classfile.ElementValue,50
org.apache.bcel.classfile.ArrayElementValue::org.apache.bcel.classfile.ElementValue,51
org.apache.bcel.classfile.ArrayElementValue::org.apache.bcel.classfile.ArrayElementValue,50
org.apache.bcel.classfile.ArrayElementValue::org.apache.bcel.classfile.ArrayElementValue,54
org.apache.bcel.classfile.ArrayElementValue::org.apache.bcel.classfile.ArrayElementValue,55
org.apache.bcel.classfile.ArrayElementValue::org.apache.bcel.classfile.ArrayElementValue,60
org.apache.bcel.classfile.ArrayElementValue::org.apache.bcel.classfile.ElementValue,123
org.apache.bcel.classfile.ArrayElementValue::org.apache.bcel.classfile.ArrayElementValue,61
org.apache.bcel.classfile.ArrayElementValue::org.apache.bcel.classfile.ArrayElementValue,85
org.apache.bcel.classfile.ArrayElementValue::org.apache.bcel.classfile.ArrayElementValue,34
org.apache.bcel.classfile.ArrayElementValue::org.apache.bcel.classfile.ArrayElementValue,35
org.apache.bcel.classfile.ArrayElementValue::org.apache.bcel.classfile.ArrayElementValue,36
org.apache.bcel.classfile.ArrayElementValue::org.apache.bcel.classfile.ArrayElementValue,90
org.apache.bcel.classfile.ArrayElementValue::org.apache.bcel.classfile.ArrayElementValue,70
org.apache.bcel.classfile.ArrayElementValue::org.apache.bcel.classfile.ArrayElementValue,71
org.apache.bcel.classfile.ArrayElementValue::org.apache.bcel.classfile.ArrayElementValue,72
org.apache.bcel.classfile.ArrayElementValue::org.apache.bcel.classfile.ArrayElementValue,74
org.apache.bcel.classfile.ArrayElementValue::org.apache.bcel.classfile.ArrayElementValue,51
org.apache.bcel.classfile.ArrayElementValue::org.apache.bcel.classfile.ArrayElementValue,38
org.apache.bcel.classfile.ArrayElementValue::org.apache.bcel.classfile.ArrayElementValue,39
org.apache.bcel.classfile.ArrayElementValue::org.apache.bcel.classfile.ArrayElementValue,40
org.apache.bcel.classfile.ArrayElementValue::org.apache.bcel.classfile.ArrayElementValue,43
org.apache.bcel.classfile.ArrayElementValue::org.apache.bcel.classfile.ArrayElementValue,44
