org.apache.commons.collections4.map.StaticBucketMap,112
org.apache.commons.collections4.map.StaticBucketMap,126
org.apache.commons.collections4.map.StaticBucketMap,129
org.apache.commons.collections4.map.StaticBucketMap,130
org.apache.commons.collections4.map.StaticBucketMap,133
org.apache.commons.collections4.map.StaticBucketMap,134
org.apache.commons.collections4.map.StaticBucketMap,136
org.apache.commons.collections4.map.StaticBucketMap,137
org.apache.commons.collections4.map.StaticBucketMap,136
org.apache.commons.collections4.map.StaticBucketMap,139
org.apache.commons.collections4.map.StaticBucketMap,156
org.apache.commons.collections4.map.StaticBucketMap,157
org.apache.commons.collections4.map.StaticBucketMap,159
org.apache.commons.collections4.map.StaticBucketMap,160
org.apache.commons.collections4.map.StaticBucketMap,161
org.apache.commons.collections4.map.StaticBucketMap,162
org.apache.commons.collections4.map.StaticBucketMap,163
org.apache.commons.collections4.map.StaticBucketMap,164
org.apache.commons.collections4.map.StaticBucketMap,165
org.apache.commons.collections4.map.StaticBucketMap,166
org.apache.commons.collections4.map.StaticBucketMap,167
org.apache.commons.collections4.map.StaticBucketMap,178
org.apache.commons.collections4.map.StaticBucketMap,180
org.apache.commons.collections4.map.StaticBucketMap,181
org.apache.commons.collections4.map.StaticBucketMap,182
org.apache.commons.collections4.map.StaticBucketMap,183
org.apache.commons.collections4.map.StaticBucketMap,180
org.apache.commons.collections4.map.StaticBucketMap,185
org.apache.commons.collections4.map.StaticBucketMap,195
org.apache.commons.collections4.map.StaticBucketMap,206
org.apache.commons.collections4.map.StaticBucketMap,208
org.apache.commons.collections4.map.StaticBucketMap,209
org.apache.commons.collections4.map.StaticBucketMap,211
org.apache.commons.collections4.map.StaticBucketMap,212
org.apache.commons.collections4.map.StaticBucketMap,213
org.apache.commons.collections4.map.StaticBucketMap,216
org.apache.commons.collections4.map.StaticBucketMap,218
org.apache.commons.collections4.map.StaticBucketMap,219
org.apache.commons.collections4.map.StaticBucketMap,230
org.apache.commons.collections4.map.StaticBucketMap,232
org.apache.commons.collections4.map.StaticBucketMap,233
org.apache.commons.collections4.map.StaticBucketMap,235
org.apache.commons.collections4.map.StaticBucketMap,236
org.apache.commons.collections4.map.StaticBucketMap,237
org.apache.commons.collections4.map.StaticBucketMap,240
org.apache.commons.collections4.map.StaticBucketMap,242
org.apache.commons.collections4.map.StaticBucketMap,243
org.apache.commons.collections4.map.StaticBucketMap,254
org.apache.commons.collections4.map.StaticBucketMap,255
org.apache.commons.collections4.map.StaticBucketMap,256
org.apache.commons.collections4.map.StaticBucketMap,258
org.apache.commons.collections4.map.StaticBucketMap,259
org.apache.commons.collections4.map.StaticBucketMap,260
org.apache.commons.collections4.map.StaticBucketMap,263
org.apache.commons.collections4.map.StaticBucketMap,265
org.apache.commons.collections4.map.StaticBucketMap,254
org.apache.commons.collections4.map.StaticBucketMap,267
org.apache.commons.collections4.map.StaticBucketMap,280
org.apache.commons.collections4.map.StaticBucketMap,282
org.apache.commons.collections4.map.StaticBucketMap,283
org.apache.commons.collections4.map.StaticBucketMap,285
org.apache.commons.collections4.map.StaticBucketMap,286
org.apache.commons.collections4.map.StaticBucketMap,287
org.apache.commons.collections4.map.StaticBucketMap,288
org.apache.commons.collections4.map.StaticBucketMap,289
org.apache.commons.collections4.map.StaticBucketMap,290
org.apache.commons.collections4.map.StaticBucketMap,291
org.apache.commons.collections4.map.StaticBucketMap,297
org.apache.commons.collections4.map.StaticBucketMap,298
org.apache.commons.collections4.map.StaticBucketMap,300
org.apache.commons.collections4.map.StaticBucketMap,301
org.apache.commons.collections4.map.StaticBucketMap,302
org.apache.commons.collections4.map.StaticBucketMap,303
org.apache.commons.collections4.map.StaticBucketMap,297
org.apache.commons.collections4.map.StaticBucketMap,309
org.apache.commons.collections4.map.StaticBucketMap,310
org.apache.commons.collections4.map.StaticBucketMap,311
org.apache.commons.collections4.map.StaticBucketMap,312
org.apache.commons.collections4.map.StaticBucketMap,313
org.apache.commons.collections4.map.StaticBucketMap,314
org.apache.commons.collections4.map.StaticBucketMap,315
org.apache.commons.collections4.map.StaticBucketMap,326
org.apache.commons.collections4.map.StaticBucketMap,328
org.apache.commons.collections4.map.StaticBucketMap,329
org.apache.commons.collections4.map.StaticBucketMap,330
org.apache.commons.collections4.map.StaticBucketMap,332
org.apache.commons.collections4.map.StaticBucketMap,333
org.apache.commons.collections4.map.StaticBucketMap,335
org.apache.commons.collections4.map.StaticBucketMap,337
org.apache.commons.collections4.map.StaticBucketMap,340
org.apache.commons.collections4.map.StaticBucketMap,342
org.apache.commons.collections4.map.StaticBucketMap,343
org.apache.commons.collections4.map.StaticBucketMap,346
org.apache.commons.collections4.map.StaticBucketMap,347
org.apache.commons.collections4.map.StaticBucketMap,349
org.apache.commons.collections4.map.StaticBucketMap,350
org.apache.commons.collections4.map.StaticBucketMap,361
org.apache.commons.collections4.map.StaticBucketMap,371
org.apache.commons.collections4.map.StaticBucketMap,381
org.apache.commons.collections4.map.StaticBucketMap,393
org.apache.commons.collections4.map.StaticBucketMap,394
org.apache.commons.collections4.map.StaticBucketMap,395
org.apache.commons.collections4.map.StaticBucketMap,396
org.apache.commons.collections4.map.StaticBucketMap,403
org.apache.commons.collections4.map.StaticBucketMap,404
org.apache.commons.collections4.map.StaticBucketMap,405
org.apache.commons.collections4.map.StaticBucketMap,406
org.apache.commons.collections4.map.StaticBucketMap,407
org.apache.commons.collections4.map.StaticBucketMap,408
org.apache.commons.collections4.map.StaticBucketMap,403
org.apache.commons.collections4.map.StaticBucketMap,410
org.apache.commons.collections4.map.StaticBucketMap,420
org.apache.commons.collections4.map.StaticBucketMap,421
org.apache.commons.collections4.map.StaticBucketMap,423
org.apache.commons.collections4.map.StaticBucketMap,424
org.apache.commons.collections4.map.StaticBucketMap,426
org.apache.commons.collections4.map.StaticBucketMap,427
org.apache.commons.collections4.map.StaticBucketMap,437
org.apache.commons.collections4.map.StaticBucketMap,439
org.apache.commons.collections4.map.StaticBucketMap,440
org.apache.commons.collections4.map.StaticBucketMap,441
org.apache.commons.collections4.map.StaticBucketMap,443
org.apache.commons.collections4.map.StaticBucketMap,444
org.apache.commons.collections4.map.StaticBucketMap,445
org.apache.commons.collections4.map.StaticBucketMap,447
org.apache.commons.collections4.map.StaticBucketMap,439
org.apache.commons.collections4.map.StaticBucketMap,449
org.apache.commons.collections4.map.StaticBucketMap,722
org.apache.commons.collections4.map.StaticBucketMap,723
org.apache.commons.collections4.map.StaticBucketMap,726
org.apache.commons.collections4.map.StaticBucketMap,727
org.apache.commons.collections4.map.StaticBucketMap,728
org.apache.commons.collections4.map.StaticBucketMap,730
org.apache.commons.collections4.map.StaticBucketMap,731
org.apache.commons.collections4.map.StaticBucketMap,732
org.apache.commons.collections4.map.StaticBucketMap,733
org.apache.commons.collections4.map.AbstractIterableMap,36
org.apache.commons.collections4.map.StaticBucketMap$Node,463
org.apache.commons.collections4.map.StaticBucketMap$Node,468
org.apache.commons.collections4.map.StaticBucketMap$Node,473
org.apache.commons.collections4.map.StaticBucketMap$Node,474
org.apache.commons.collections4.map.StaticBucketMap$Node,473
org.apache.commons.collections4.map.StaticBucketMap$Node,479
org.apache.commons.collections4.map.StaticBucketMap$Node,480
org.apache.commons.collections4.map.StaticBucketMap$Node,482
org.apache.commons.collections4.map.StaticBucketMap$Node,483
org.apache.commons.collections4.map.StaticBucketMap$Node,486
org.apache.commons.collections4.map.StaticBucketMap$Node,487
org.apache.commons.collections4.map.StaticBucketMap$Node,488
org.apache.commons.collections4.map.StaticBucketMap$Node,489
org.apache.commons.collections4.map.StaticBucketMap$Node,487
org.apache.commons.collections4.map.StaticBucketMap$Node,494
org.apache.commons.collections4.map.StaticBucketMap$Node,495
org.apache.commons.collections4.map.StaticBucketMap$Node,496
org.apache.commons.collections4.map.StaticBucketMap$EntrySet,581
org.apache.commons.collections4.map.StaticBucketMap$EntrySet,586
org.apache.commons.collections4.map.StaticBucketMap$EntrySet,587
org.apache.commons.collections4.map.StaticBucketMap$EntrySet,591
org.apache.commons.collections4.map.StaticBucketMap$EntrySet,596
org.apache.commons.collections4.map.StaticBucketMap$EntrySet,597
org.apache.commons.collections4.map.StaticBucketMap$EntrySet,598
org.apache.commons.collections4.map.StaticBucketMap$EntrySet,599
org.apache.commons.collections4.map.StaticBucketMap$EntrySet,600
org.apache.commons.collections4.map.StaticBucketMap$EntrySet,601
org.apache.commons.collections4.map.StaticBucketMap$EntrySet,599
org.apache.commons.collections4.map.StaticBucketMap$EntrySet,604
org.apache.commons.collections4.map.StaticBucketMap$EntrySet,605
org.apache.commons.collections4.map.StaticBucketMap$EntrySet,610
org.apache.commons.collections4.map.StaticBucketMap$EntrySet,611
org.apache.commons.collections4.map.StaticBucketMap$EntrySet,613
org.apache.commons.collections4.map.StaticBucketMap$EntrySet,614
org.apache.commons.collections4.map.StaticBucketMap$EntrySet,615
org.apache.commons.collections4.map.StaticBucketMap$EntrySet,616
org.apache.commons.collections4.map.StaticBucketMap$EntrySet,617
org.apache.commons.collections4.map.StaticBucketMap$EntrySet,618
org.apache.commons.collections4.map.StaticBucketMap$EntrySet,619
org.apache.commons.collections4.map.StaticBucketMap$EntrySet,616
org.apache.commons.collections4.map.StaticBucketMap$EntrySet,622
org.apache.commons.collections4.map.StaticBucketMap$EntrySet,623
org.apache.commons.collections4.map.StaticBucketMap$EntryIterator,554
org.apache.commons.collections4.map.StaticBucketMap$EntryIterator,550
org.apache.commons.collections4.map.StaticBucketMap$BaseIterator,509
org.apache.commons.collections4.map.StaticBucketMap$BaseIterator,514
org.apache.commons.collections4.map.StaticBucketMap$BaseIterator,515
org.apache.commons.collections4.map.StaticBucketMap$BaseIterator,517
org.apache.commons.collections4.map.StaticBucketMap$BaseIterator,518
org.apache.commons.collections4.map.StaticBucketMap$BaseIterator,519
org.apache.commons.collections4.map.StaticBucketMap$BaseIterator,520
org.apache.commons.collections4.map.StaticBucketMap$BaseIterator,521
org.apache.commons.collections4.map.StaticBucketMap$BaseIterator,522
org.apache.commons.collections4.map.StaticBucketMap$BaseIterator,524
org.apache.commons.collections4.map.StaticBucketMap$BaseIterator,525
org.apache.commons.collections4.map.StaticBucketMap$BaseIterator,526
org.apache.commons.collections4.map.StaticBucketMap$BaseIterator,528
org.apache.commons.collections4.map.StaticBucketMap$BaseIterator,530
org.apache.commons.collections4.map.StaticBucketMap$BaseIterator,534
org.apache.commons.collections4.map.StaticBucketMap$BaseIterator,535
org.apache.commons.collections4.map.StaticBucketMap$BaseIterator,537
org.apache.commons.collections4.map.StaticBucketMap$BaseIterator,538
org.apache.commons.collections4.map.StaticBucketMap$BaseIterator,542
org.apache.commons.collections4.map.StaticBucketMap$BaseIterator,543
org.apache.commons.collections4.map.StaticBucketMap$BaseIterator,545
org.apache.commons.collections4.map.StaticBucketMap$BaseIterator,546
org.apache.commons.collections4.map.StaticBucketMap$BaseIterator,547
org.apache.commons.collections4.map.StaticBucketMap$Values,672
org.apache.commons.collections4.map.StaticBucketMap$Values,677
org.apache.commons.collections4.map.StaticBucketMap$Values,678
org.apache.commons.collections4.map.StaticBucketMap$Values,682
org.apache.commons.collections4.map.StaticBucketMap$KeySet,632
org.apache.commons.collections4.map.StaticBucketMap$KeySet,637
org.apache.commons.collections4.map.StaticBucketMap$KeySet,638
org.apache.commons.collections4.map.StaticBucketMap$KeySet,642
org.apache.commons.collections4.map.StaticBucketMap$KeySet,647
org.apache.commons.collections4.map.StaticBucketMap$KeySet,652
org.apache.commons.collections4.map.StaticBucketMap$KeySet,653
org.apache.commons.collections4.map.StaticBucketMap$KeySet,654
org.apache.commons.collections4.map.StaticBucketMap$KeySet,655
org.apache.commons.collections4.map.StaticBucketMap$KeySet,656
org.apache.commons.collections4.map.StaticBucketMap$KeySet,657
org.apache.commons.collections4.map.StaticBucketMap$KeySet,658
org.apache.commons.collections4.map.StaticBucketMap$KeySet,654
org.apache.commons.collections4.map.StaticBucketMap$KeySet,661
org.apache.commons.collections4.map.StaticBucketMap$KeySet,662
