org.apache.bcel.classfile.ConstantFieldref::org.apache.bcel.classfile.Constant,67
org.apache.bcel.classfile.ConstantFieldref::org.apache.bcel.classfile.Constant,68
org.apache.bcel.classfile.ConstantFieldref::org.apache.bcel.classfile.ConstantCP,81
org.apache.bcel.classfile.ConstantFieldref::org.apache.bcel.classfile.ConstantCP,82
org.apache.bcel.classfile.ConstantFieldref::org.apache.bcel.classfile.ConstantCP,83
org.apache.bcel.classfile.ConstantFieldref::org.apache.bcel.classfile.ConstantCP,72
org.apache.bcel.classfile.ConstantFieldref::org.apache.bcel.classfile.ConstantFieldref,47
org.apache.bcel.classfile.EmptyVisitor::org.apache.bcel.classfile.EmptyVisitor,30
org.apache.bcel.classfile.ConstantFieldref::org.apache.bcel.classfile.ConstantFieldref,68
org.apache.bcel.classfile.EmptyVisitor::org.apache.bcel.classfile.EmptyVisitor,87
org.apache.bcel.classfile.ConstantFieldref::org.apache.bcel.classfile.ConstantFieldref,69
org.apache.bcel.classfile.ConstantFieldref::org.apache.bcel.classfile.ConstantCP,104
org.apache.bcel.classfile.ConstantFieldref::org.apache.bcel.classfile.ConstantCP,120
org.apache.bcel.classfile.ConstantFieldref::org.apache.bcel.classfile.ConstantFieldref,36
org.apache.bcel.classfile.ConstantFieldref::org.apache.bcel.classfile.Constant,193
org.apache.bcel.classfile.Constant$1::org.apache.bcel.classfile.Constant$1,39
org.apache.bcel.classfile.Constant$1::org.apache.bcel.classfile.Constant$1,40
org.apache.bcel.classfile.Constant$1::org.apache.bcel.classfile.Constant$1,41
org.apache.bcel.classfile.ConstantFieldref::org.apache.bcel.classfile.ConstantCP,147
org.apache.bcel.classfile.ConstantFieldref::org.apache.bcel.classfile.Constant,95
org.apache.bcel.classfile.ConstantFieldref::org.apache.bcel.classfile.ConstantFieldref,56
org.apache.bcel.classfile.ClassParser::org.apache.bcel.classfile.ClassParser,70
org.apache.bcel.classfile.ClassParser::org.apache.bcel.classfile.ClassParser,71
org.apache.bcel.classfile.ClassParser::org.apache.bcel.classfile.ClassParser,72
org.apache.bcel.classfile.ClassParser::org.apache.bcel.classfile.ClassParser,73
org.apache.bcel.classfile.ClassParser::org.apache.bcel.classfile.ClassParser,74
org.apache.bcel.classfile.ClassParser::org.apache.bcel.classfile.ClassParser,77
org.apache.bcel.classfile.ClassParser::org.apache.bcel.classfile.ClassParser,79
org.apache.bcel.classfile.ClassParser::org.apache.bcel.classfile.ClassParser,118
org.apache.bcel.classfile.ClassParser::org.apache.bcel.classfile.ClassParser,120
org.apache.bcel.classfile.ClassParser::org.apache.bcel.classfile.ClassParser,138
org.apache.bcel.classfile.ClassParser::org.apache.bcel.classfile.ClassParser,264
org.apache.bcel.classfile.ClassParser::org.apache.bcel.classfile.ClassParser,267
org.apache.bcel.classfile.ClassParser::org.apache.bcel.classfile.ClassParser,140
org.apache.bcel.classfile.ClassParser::org.apache.bcel.classfile.ClassParser,304
org.apache.bcel.classfile.ClassParser::org.apache.bcel.classfile.ClassParser,305
org.apache.bcel.classfile.ClassParser::org.apache.bcel.classfile.ClassParser,306
org.apache.bcel.classfile.ClassParser::org.apache.bcel.classfile.ClassParser,143
org.apache.bcel.classfile.ClassParser::org.apache.bcel.classfile.ClassParser,238
org.apache.bcel.classfile.ConstantPool::org.apache.bcel.classfile.ConstantPool,57
org.apache.bcel.classfile.ConstantPool::org.apache.bcel.classfile.ConstantPool,58
org.apache.bcel.classfile.ConstantPool::org.apache.bcel.classfile.ConstantPool,62
org.apache.bcel.classfile.ConstantPool::org.apache.bcel.classfile.ConstantPool,63
org.apache.bcel.classfile.ConstantMethodref::org.apache.bcel.classfile.Constant,67
org.apache.bcel.classfile.ConstantMethodref::org.apache.bcel.classfile.Constant,68
org.apache.bcel.classfile.ConstantMethodref::org.apache.bcel.classfile.ConstantCP,81
org.apache.bcel.classfile.ConstantMethodref::org.apache.bcel.classfile.ConstantCP,82
org.apache.bcel.classfile.ConstantMethodref::org.apache.bcel.classfile.ConstantCP,83
org.apache.bcel.classfile.ConstantMethodref::org.apache.bcel.classfile.ConstantCP,72
org.apache.bcel.classfile.ConstantMethodref::org.apache.bcel.classfile.ConstantMethodref,47
org.apache.bcel.classfile.ConstantPool::org.apache.bcel.classfile.ConstantPool,71
org.apache.bcel.classfile.ConstantMethodref::org.apache.bcel.classfile.Constant,87
org.apache.bcel.classfile.ConstantPool::org.apache.bcel.classfile.ConstantPool,72
org.apache.bcel.classfile.ConstantString::org.apache.bcel.classfile.Constant,67
org.apache.bcel.classfile.ConstantString::org.apache.bcel.classfile.Constant,68
org.apache.bcel.classfile.ConstantString::org.apache.bcel.classfile.ConstantString,61
org.apache.bcel.classfile.ConstantString::org.apache.bcel.classfile.ConstantString,62
org.apache.bcel.classfile.ConstantString::org.apache.bcel.classfile.ConstantString,53
org.apache.bcel.classfile.ConstantString::org.apache.bcel.classfile.Constant,87
org.apache.bcel.classfile.ConstantFieldref::org.apache.bcel.classfile.Constant,87
org.apache.bcel.classfile.ConstantClass::org.apache.bcel.classfile.Constant,67
org.apache.bcel.classfile.ConstantClass::org.apache.bcel.classfile.Constant,68
org.apache.bcel.classfile.ConstantClass::org.apache.bcel.classfile.ConstantClass,62
org.apache.bcel.classfile.ConstantClass::org.apache.bcel.classfile.ConstantClass,63
org.apache.bcel.classfile.ConstantClass::org.apache.bcel.classfile.ConstantClass,53
org.apache.bcel.classfile.ConstantClass::org.apache.bcel.classfile.Constant,87
org.apache.bcel.classfile.ConstantInterfaceMethodref::org.apache.bcel.classfile.Constant,67
org.apache.bcel.classfile.ConstantInterfaceMethodref::org.apache.bcel.classfile.Constant,68
org.apache.bcel.classfile.ConstantInterfaceMethodref::org.apache.bcel.classfile.ConstantCP,81
org.apache.bcel.classfile.ConstantInterfaceMethodref::org.apache.bcel.classfile.ConstantCP,82
org.apache.bcel.classfile.ConstantInterfaceMethodref::org.apache.bcel.classfile.ConstantCP,83
org.apache.bcel.classfile.ConstantInterfaceMethodref::org.apache.bcel.classfile.ConstantCP,72
org.apache.bcel.classfile.ConstantInterfaceMethodref::org.apache.bcel.classfile.ConstantInterfaceMethodref,47
org.apache.bcel.classfile.ConstantInterfaceMethodref::org.apache.bcel.classfile.Constant,87
org.apache.bcel.classfile.ConstantInteger::org.apache.bcel.classfile.Constant,67
org.apache.bcel.classfile.ConstantInteger::org.apache.bcel.classfile.Constant,68
org.apache.bcel.classfile.ConstantInteger::org.apache.bcel.classfile.ConstantInteger,42
org.apache.bcel.classfile.ConstantInteger::org.apache.bcel.classfile.ConstantInteger,43
org.apache.bcel.classfile.ConstantInteger::org.apache.bcel.classfile.ConstantInteger,62
org.apache.bcel.classfile.ConstantInteger::org.apache.bcel.classfile.Constant,87
org.apache.bcel.classfile.ConstantUtf8::org.apache.bcel.classfile.Constant,67
org.apache.bcel.classfile.ConstantUtf8::org.apache.bcel.classfile.Constant,68
org.apache.bcel.classfile.ConstantUtf8::org.apache.bcel.classfile.ConstantUtf8,214
org.apache.bcel.classfile.ConstantUtf8::org.apache.bcel.classfile.ConstantUtf8,217
org.apache.bcel.classfile.ConstantUtf8::org.apache.bcel.classfile.ConstantUtf8,218
org.apache.bcel.classfile.ConstantUtf8::org.apache.bcel.classfile.ConstantUtf8,219
org.apache.bcel.classfile.ConstantUtf8::org.apache.bcel.classfile.Constant,87
org.apache.bcel.classfile.ConstantLong::org.apache.bcel.classfile.Constant,67
org.apache.bcel.classfile.ConstantLong::org.apache.bcel.classfile.Constant,68
org.apache.bcel.classfile.ConstantLong::org.apache.bcel.classfile.ConstantLong,42
org.apache.bcel.classfile.ConstantLong::org.apache.bcel.classfile.ConstantLong,43
org.apache.bcel.classfile.ConstantLong::org.apache.bcel.classfile.ConstantLong,62
org.apache.bcel.classfile.ConstantLong::org.apache.bcel.classfile.Constant,87
org.apache.bcel.classfile.ConstantPool::org.apache.bcel.classfile.ConstantPool,73
org.apache.bcel.classfile.ConstantNameAndType::org.apache.bcel.classfile.Constant,67
org.apache.bcel.classfile.ConstantNameAndType::org.apache.bcel.classfile.Constant,68
org.apache.bcel.classfile.ConstantNameAndType::org.apache.bcel.classfile.ConstantNameAndType,64
org.apache.bcel.classfile.ConstantNameAndType::org.apache.bcel.classfile.ConstantNameAndType,65
org.apache.bcel.classfile.ConstantNameAndType::org.apache.bcel.classfile.ConstantNameAndType,66
org.apache.bcel.classfile.ConstantNameAndType::org.apache.bcel.classfile.ConstantNameAndType,55
org.apache.bcel.classfile.ConstantNameAndType::org.apache.bcel.classfile.Constant,87
org.apache.bcel.classfile.ConstantPool::org.apache.bcel.classfile.ConstantPool,76
org.apache.bcel.classfile.ClassParser::org.apache.bcel.classfile.ClassParser,239
org.apache.bcel.classfile.ClassParser::org.apache.bcel.classfile.ClassParser,145
org.apache.bcel.classfile.ClassParser::org.apache.bcel.classfile.ClassParser,216
org.apache.bcel.classfile.ClassParser::org.apache.bcel.classfile.ClassParser,220
org.apache.bcel.classfile.ClassParser::org.apache.bcel.classfile.ClassParser,223
org.apache.bcel.classfile.ClassParser::org.apache.bcel.classfile.ClassParser,227
org.apache.bcel.classfile.ClassParser::org.apache.bcel.classfile.ClassParser,228
org.apache.bcel.classfile.ClassParser::org.apache.bcel.classfile.ClassParser,229
org.apache.bcel.classfile.ClassParser::org.apache.bcel.classfile.ClassParser,147
org.apache.bcel.classfile.ClassParser::org.apache.bcel.classfile.ClassParser,276
org.apache.bcel.classfile.ClassParser::org.apache.bcel.classfile.ClassParser,277
org.apache.bcel.classfile.ClassParser::org.apache.bcel.classfile.ClassParser,278
org.apache.bcel.classfile.ClassParser::org.apache.bcel.classfile.ClassParser,279
org.apache.bcel.classfile.ClassParser::org.apache.bcel.classfile.ClassParser,281
org.apache.bcel.classfile.ClassParser::org.apache.bcel.classfile.ClassParser,150
org.apache.bcel.classfile.ClassParser::org.apache.bcel.classfile.ClassParser,248
org.apache.bcel.classfile.ClassParser::org.apache.bcel.classfile.ClassParser,249
org.apache.bcel.classfile.ClassParser::org.apache.bcel.classfile.ClassParser,250
org.apache.bcel.classfile.ClassParser::org.apache.bcel.classfile.ClassParser,251
org.apache.bcel.classfile.Field::org.apache.bcel.classfile.AccessFlags,42
org.apache.bcel.classfile.Field::org.apache.bcel.classfile.AccessFlags,43
org.apache.bcel.classfile.Field::org.apache.bcel.classfile.FieldOrMethod,66
org.apache.bcel.classfile.Field::org.apache.bcel.classfile.FieldOrMethod,67
org.apache.bcel.classfile.Field::org.apache.bcel.classfile.FieldOrMethod,124
org.apache.bcel.classfile.Field::org.apache.bcel.classfile.FieldOrMethod,125
org.apache.bcel.classfile.Field::org.apache.bcel.classfile.FieldOrMethod,126
org.apache.bcel.classfile.Field::org.apache.bcel.classfile.FieldOrMethod,127
org.apache.bcel.classfile.Field::org.apache.bcel.classfile.FieldOrMethod,162
org.apache.bcel.classfile.Field::org.apache.bcel.classfile.FieldOrMethod,163
org.apache.bcel.classfile.Field::org.apache.bcel.classfile.FieldOrMethod,164
org.apache.bcel.classfile.Field::org.apache.bcel.classfile.FieldOrMethod,128
org.apache.bcel.classfile.Field::org.apache.bcel.classfile.FieldOrMethod,105
org.apache.bcel.classfile.Field::org.apache.bcel.classfile.FieldOrMethod,106
org.apache.bcel.classfile.Field::org.apache.bcel.classfile.FieldOrMethod,107
org.apache.bcel.classfile.Field::org.apache.bcel.classfile.FieldOrMethod,110
org.apache.bcel.classfile.Field::org.apache.bcel.classfile.FieldOrMethod,111
org.apache.bcel.classfile.Field::org.apache.bcel.classfile.Field,70
org.apache.bcel.classfile.Field::org.apache.bcel.classfile.FieldOrMethod,108
org.apache.bcel.classfile.ConstantPool::org.apache.bcel.classfile.ConstantPool,256
org.apache.bcel.classfile.ConstantPool::org.apache.bcel.classfile.ConstantPool,237
org.apache.bcel.classfile.ConstantPool::org.apache.bcel.classfile.ConstantPool,241
org.apache.bcel.classfile.ConstantPool::org.apache.bcel.classfile.ConstantPool,257
org.apache.bcel.classfile.ConstantPool::org.apache.bcel.classfile.ConstantPool,260
org.apache.bcel.classfile.ConstantPool::org.apache.bcel.classfile.ConstantPool,264
org.apache.bcel.classfile.ConstantUtf8::org.apache.bcel.classfile.ConstantUtf8,248
org.apache.bcel.classfile.ConstantValue::org.apache.bcel.classfile.Attribute,257
org.apache.bcel.classfile.ConstantValue::org.apache.bcel.classfile.Attribute,258
org.apache.bcel.classfile.ConstantValue::org.apache.bcel.classfile.Attribute,259
org.apache.bcel.classfile.ConstantValue::org.apache.bcel.classfile.Attribute,260
org.apache.bcel.classfile.ConstantValue::org.apache.bcel.classfile.Attribute,261
org.apache.bcel.classfile.ConstantValue::org.apache.bcel.classfile.ConstantValue,70
org.apache.bcel.classfile.ConstantValue::org.apache.bcel.classfile.ConstantValue,71
org.apache.bcel.classfile.ConstantValue::org.apache.bcel.classfile.ConstantValue,58
org.apache.bcel.classfile.Signature::org.apache.bcel.classfile.Attribute,257
org.apache.bcel.classfile.Signature::org.apache.bcel.classfile.Attribute,258
org.apache.bcel.classfile.Signature::org.apache.bcel.classfile.Attribute,259
org.apache.bcel.classfile.Signature::org.apache.bcel.classfile.Attribute,260
org.apache.bcel.classfile.Signature::org.apache.bcel.classfile.Attribute,261
org.apache.bcel.classfile.Signature::org.apache.bcel.classfile.Signature,69
org.apache.bcel.classfile.Signature::org.apache.bcel.classfile.Signature,70
org.apache.bcel.classfile.Signature::org.apache.bcel.classfile.Signature,58
org.apache.bcel.classfile.ClassParser::org.apache.bcel.classfile.ClassParser,253
org.apache.bcel.classfile.ClassParser::org.apache.bcel.classfile.ClassParser,152
org.apache.bcel.classfile.ClassParser::org.apache.bcel.classfile.ClassParser,290
org.apache.bcel.classfile.ClassParser::org.apache.bcel.classfile.ClassParser,291
org.apache.bcel.classfile.ClassParser::org.apache.bcel.classfile.ClassParser,292
org.apache.bcel.classfile.ClassParser::org.apache.bcel.classfile.ClassParser,293
org.apache.bcel.classfile.Method::org.apache.bcel.classfile.AccessFlags,42
org.apache.bcel.classfile.Method::org.apache.bcel.classfile.AccessFlags,43
org.apache.bcel.classfile.Method::org.apache.bcel.classfile.FieldOrMethod,66
org.apache.bcel.classfile.Method::org.apache.bcel.classfile.FieldOrMethod,67
org.apache.bcel.classfile.Method::org.apache.bcel.classfile.FieldOrMethod,124
org.apache.bcel.classfile.Method::org.apache.bcel.classfile.FieldOrMethod,125
org.apache.bcel.classfile.Method::org.apache.bcel.classfile.FieldOrMethod,126
org.apache.bcel.classfile.Method::org.apache.bcel.classfile.FieldOrMethod,127
org.apache.bcel.classfile.Method::org.apache.bcel.classfile.FieldOrMethod,162
org.apache.bcel.classfile.Method::org.apache.bcel.classfile.FieldOrMethod,163
org.apache.bcel.classfile.Method::org.apache.bcel.classfile.FieldOrMethod,164
org.apache.bcel.classfile.Method::org.apache.bcel.classfile.FieldOrMethod,128
org.apache.bcel.classfile.Method::org.apache.bcel.classfile.FieldOrMethod,105
org.apache.bcel.classfile.Method::org.apache.bcel.classfile.FieldOrMethod,106
org.apache.bcel.classfile.Method::org.apache.bcel.classfile.FieldOrMethod,107
org.apache.bcel.classfile.Method::org.apache.bcel.classfile.FieldOrMethod,108
org.apache.bcel.classfile.Code::org.apache.bcel.classfile.Attribute,257
org.apache.bcel.classfile.Code::org.apache.bcel.classfile.Attribute,258
org.apache.bcel.classfile.Code::org.apache.bcel.classfile.Attribute,259
org.apache.bcel.classfile.Code::org.apache.bcel.classfile.Attribute,260
org.apache.bcel.classfile.Code::org.apache.bcel.classfile.Attribute,261
org.apache.bcel.classfile.Code::org.apache.bcel.classfile.Code,113
org.apache.bcel.classfile.Code::org.apache.bcel.classfile.Code,114
org.apache.bcel.classfile.Code::org.apache.bcel.classfile.Code,115
org.apache.bcel.classfile.Code::org.apache.bcel.classfile.Code,116
org.apache.bcel.classfile.Code::org.apache.bcel.classfile.Code,117
org.apache.bcel.classfile.Code::org.apache.bcel.classfile.Code,118
org.apache.bcel.classfile.Code::org.apache.bcel.classfile.Code,245
org.apache.bcel.classfile.Code::org.apache.bcel.classfile.Code,246
org.apache.bcel.classfile.Code::org.apache.bcel.classfile.Code,247
org.apache.bcel.classfile.Code::org.apache.bcel.classfile.Code,251
org.apache.bcel.classfile.Code::org.apache.bcel.classfile.Code,232
org.apache.bcel.classfile.Code::org.apache.bcel.classfile.Attribute,370
org.apache.bcel.classfile.Code::org.apache.bcel.classfile.Attribute,371
org.apache.bcel.classfile.Code::org.apache.bcel.classfile.Code,119
org.apache.bcel.classfile.Code::org.apache.bcel.classfile.Code,73
org.apache.bcel.classfile.Code::org.apache.bcel.classfile.Code,74
org.apache.bcel.classfile.Code::org.apache.bcel.classfile.Code,75
org.apache.bcel.classfile.Code::org.apache.bcel.classfile.Code,79
org.apache.bcel.classfile.Code::org.apache.bcel.classfile.Code,80
org.apache.bcel.classfile.Code::org.apache.bcel.classfile.Code,81
org.apache.bcel.classfile.Code::org.apache.bcel.classfile.Code,87
org.apache.bcel.classfile.Code::org.apache.bcel.classfile.Code,88
org.apache.bcel.classfile.Code::org.apache.bcel.classfile.Code,89
org.apache.bcel.classfile.Code::org.apache.bcel.classfile.Code,90
org.apache.bcel.classfile.LineNumberTable::org.apache.bcel.classfile.Attribute,257
org.apache.bcel.classfile.LineNumberTable::org.apache.bcel.classfile.Attribute,258
org.apache.bcel.classfile.LineNumberTable::org.apache.bcel.classfile.Attribute,259
org.apache.bcel.classfile.LineNumberTable::org.apache.bcel.classfile.Attribute,260
org.apache.bcel.classfile.LineNumberTable::org.apache.bcel.classfile.Attribute,261
org.apache.bcel.classfile.LineNumberTable::org.apache.bcel.classfile.LineNumberTable,58
org.apache.bcel.classfile.LineNumberTable::org.apache.bcel.classfile.LineNumberTable,59
org.apache.bcel.classfile.LineNumberTable::org.apache.bcel.classfile.LineNumberTable,73
org.apache.bcel.classfile.LineNumberTable::org.apache.bcel.classfile.LineNumberTable,74
org.apache.bcel.classfile.LineNumberTable::org.apache.bcel.classfile.LineNumberTable,75
org.apache.bcel.classfile.LineNumberTable::org.apache.bcel.classfile.LineNumberTable,76
org.apache.bcel.classfile.LineNumber::org.apache.bcel.classfile.LineNumber,65
org.apache.bcel.classfile.LineNumber::org.apache.bcel.classfile.LineNumber,66
org.apache.bcel.classfile.LineNumber::org.apache.bcel.classfile.LineNumber,67
org.apache.bcel.classfile.LineNumber::org.apache.bcel.classfile.LineNumber,57
org.apache.bcel.classfile.LineNumberTable::org.apache.bcel.classfile.LineNumberTable,78
org.apache.bcel.classfile.LocalVariableTable::org.apache.bcel.classfile.Attribute,257
org.apache.bcel.classfile.LocalVariableTable::org.apache.bcel.classfile.Attribute,258
org.apache.bcel.classfile.LocalVariableTable::org.apache.bcel.classfile.Attribute,259
org.apache.bcel.classfile.LocalVariableTable::org.apache.bcel.classfile.Attribute,260
org.apache.bcel.classfile.LocalVariableTable::org.apache.bcel.classfile.Attribute,261
org.apache.bcel.classfile.LocalVariableTable::org.apache.bcel.classfile.LocalVariableTable,56
org.apache.bcel.classfile.LocalVariableTable::org.apache.bcel.classfile.LocalVariableTable,57
org.apache.bcel.classfile.LocalVariableTable::org.apache.bcel.classfile.LocalVariableTable,71
org.apache.bcel.classfile.LocalVariableTable::org.apache.bcel.classfile.LocalVariableTable,72
org.apache.bcel.classfile.LocalVariableTable::org.apache.bcel.classfile.LocalVariableTable,73
org.apache.bcel.classfile.LocalVariableTable::org.apache.bcel.classfile.LocalVariableTable,74
org.apache.bcel.classfile.LocalVariable::org.apache.bcel.classfile.LocalVariable,88
org.apache.bcel.classfile.LocalVariable::org.apache.bcel.classfile.LocalVariable,89
org.apache.bcel.classfile.LocalVariable::org.apache.bcel.classfile.LocalVariable,90
org.apache.bcel.classfile.LocalVariable::org.apache.bcel.classfile.LocalVariable,91
org.apache.bcel.classfile.LocalVariable::org.apache.bcel.classfile.LocalVariable,92
org.apache.bcel.classfile.LocalVariable::org.apache.bcel.classfile.LocalVariable,93
org.apache.bcel.classfile.LocalVariable::org.apache.bcel.classfile.LocalVariable,94
org.apache.bcel.classfile.LocalVariable::org.apache.bcel.classfile.LocalVariable,95
org.apache.bcel.classfile.LocalVariable::org.apache.bcel.classfile.LocalVariable,75
org.apache.bcel.classfile.LocalVariableTable::org.apache.bcel.classfile.LocalVariableTable,76
org.apache.bcel.classfile.Code::org.apache.bcel.classfile.Code,96
org.apache.bcel.classfile.Code::org.apache.bcel.classfile.Code,97
org.apache.bcel.classfile.Method::org.apache.bcel.classfile.FieldOrMethod,110
org.apache.bcel.classfile.Method::org.apache.bcel.classfile.FieldOrMethod,111
org.apache.bcel.classfile.Method::org.apache.bcel.classfile.Method,83
org.apache.bcel.classfile.StackMap::org.apache.bcel.classfile.Attribute,257
org.apache.bcel.classfile.StackMap::org.apache.bcel.classfile.Attribute,258
org.apache.bcel.classfile.StackMap::org.apache.bcel.classfile.Attribute,259
org.apache.bcel.classfile.StackMap::org.apache.bcel.classfile.Attribute,260
org.apache.bcel.classfile.StackMap::org.apache.bcel.classfile.Attribute,261
org.apache.bcel.classfile.StackMap::org.apache.bcel.classfile.StackMap,52
org.apache.bcel.classfile.StackMap::org.apache.bcel.classfile.StackMap,53
org.apache.bcel.classfile.StackMap::org.apache.bcel.classfile.StackMap,67
org.apache.bcel.classfile.StackMap::org.apache.bcel.classfile.StackMap,68
org.apache.bcel.classfile.StackMap::org.apache.bcel.classfile.StackMap,69
org.apache.bcel.classfile.StackMap::org.apache.bcel.classfile.StackMap,70
org.apache.bcel.classfile.StackMapEntry::org.apache.bcel.classfile.StackMapEntry,126
org.apache.bcel.classfile.StackMapEntry::org.apache.bcel.classfile.StackMapEntry,127
org.apache.bcel.classfile.StackMapEntry::org.apache.bcel.classfile.StackMapEntry,128
org.apache.bcel.classfile.StackMapEntry::org.apache.bcel.classfile.StackMapEntry,129
org.apache.bcel.classfile.StackMapEntry::org.apache.bcel.classfile.StackMapEntry,130
org.apache.bcel.classfile.StackMapEntry::org.apache.bcel.classfile.StackMapEntry,131
org.apache.bcel.classfile.StackMapEntry::org.apache.bcel.classfile.StackMapEntry,52
org.apache.bcel.classfile.StackMapEntry::org.apache.bcel.classfile.StackMapEntry,54
org.apache.bcel.classfile.StackMapEntry::org.apache.bcel.classfile.StackMapEntry,59
org.apache.bcel.classfile.StackMapEntry::org.apache.bcel.classfile.StackMapEntry,63
org.apache.bcel.classfile.StackMapEntry::org.apache.bcel.classfile.StackMapEntry,65
org.apache.bcel.classfile.StackMapEntry::org.apache.bcel.classfile.StackMapEntry,67
org.apache.bcel.classfile.StackMapEntry::org.apache.bcel.classfile.StackMapEntry,75
org.apache.bcel.classfile.StackMapEntry::org.apache.bcel.classfile.StackMapEntry,76
org.apache.bcel.classfile.StackMapEntry::org.apache.bcel.classfile.StackMapEntry,77
org.apache.bcel.classfile.StackMapEntry::org.apache.bcel.classfile.StackMapEntry,78
org.apache.bcel.classfile.StackMapEntry::org.apache.bcel.classfile.StackMapEntry,79
org.apache.bcel.classfile.StackMapType::org.apache.bcel.classfile.StackMapType,37
org.apache.bcel.classfile.StackMapType::org.apache.bcel.classfile.StackMapType,60
org.apache.bcel.classfile.StackMapType::org.apache.bcel.classfile.StackMapType,63
org.apache.bcel.classfile.StackMapType::org.apache.bcel.classfile.StackMapType,64
org.apache.bcel.classfile.StackMapType::org.apache.bcel.classfile.StackMapType,65
org.apache.bcel.classfile.StackMapType::org.apache.bcel.classfile.StackMapType,66
org.apache.bcel.classfile.StackMapType::org.apache.bcel.classfile.StackMapType,48
org.apache.bcel.classfile.StackMapType::org.apache.bcel.classfile.StackMapType,112
org.apache.bcel.classfile.StackMapType::org.apache.bcel.classfile.StackMapType,49
org.apache.bcel.classfile.StackMapType::org.apache.bcel.classfile.StackMapType,51
org.apache.bcel.classfile.StackMapType::org.apache.bcel.classfile.StackMapType,52
org.apache.bcel.classfile.StackMapEntry::org.apache.bcel.classfile.StackMapEntry,81
org.apache.bcel.classfile.StackMapEntry::org.apache.bcel.classfile.StackMapEntry,82
org.apache.bcel.classfile.StackMapEntry::org.apache.bcel.classfile.StackMapEntry,83
org.apache.bcel.classfile.StackMapEntry::org.apache.bcel.classfile.StackMapEntry,86
org.apache.bcel.classfile.StackMapEntry::org.apache.bcel.classfile.StackMapEntry,90
org.apache.bcel.classfile.StackMapEntry::org.apache.bcel.classfile.StackMapEntry,53
org.apache.bcel.classfile.StackMap::org.apache.bcel.classfile.StackMap,72
org.apache.bcel.classfile.StackMapEntry::org.apache.bcel.classfile.StackMapEntry,68
org.apache.bcel.classfile.StackMapEntry::org.apache.bcel.classfile.StackMapEntry,69
org.apache.bcel.classfile.StackMapEntry::org.apache.bcel.classfile.StackMapEntry,70
org.apache.bcel.classfile.StackMapEntry::org.apache.bcel.classfile.StackMapEntry,71
org.apache.bcel.classfile.StackMapEntry::org.apache.bcel.classfile.StackMapEntry,72
org.apache.bcel.classfile.StackMapEntry::org.apache.bcel.classfile.StackMapEntry,74
org.apache.bcel.classfile.StackMapEntry::org.apache.bcel.classfile.StackMapEntry,64
org.apache.bcel.classfile.Deprecated::org.apache.bcel.classfile.Attribute,257
org.apache.bcel.classfile.Deprecated::org.apache.bcel.classfile.Attribute,258
org.apache.bcel.classfile.Deprecated::org.apache.bcel.classfile.Attribute,259
org.apache.bcel.classfile.Deprecated::org.apache.bcel.classfile.Attribute,260
org.apache.bcel.classfile.Deprecated::org.apache.bcel.classfile.Attribute,261
org.apache.bcel.classfile.Deprecated::org.apache.bcel.classfile.Deprecated,55
org.apache.bcel.classfile.Deprecated::org.apache.bcel.classfile.Deprecated,56
org.apache.bcel.classfile.Deprecated::org.apache.bcel.classfile.Deprecated,71
org.apache.bcel.classfile.Deprecated::org.apache.bcel.classfile.Deprecated,76
org.apache.bcel.classfile.RuntimeVisibleAnnotations::org.apache.bcel.classfile.Attribute,257
org.apache.bcel.classfile.RuntimeVisibleAnnotations::org.apache.bcel.classfile.Attribute,258
org.apache.bcel.classfile.RuntimeVisibleAnnotations::org.apache.bcel.classfile.Attribute,259
org.apache.bcel.classfile.RuntimeVisibleAnnotations::org.apache.bcel.classfile.Attribute,260
org.apache.bcel.classfile.RuntimeVisibleAnnotations::org.apache.bcel.classfile.Attribute,261
org.apache.bcel.classfile.RuntimeVisibleAnnotations::org.apache.bcel.classfile.Annotations,66
org.apache.bcel.classfile.RuntimeVisibleAnnotations::org.apache.bcel.classfile.Annotations,67
org.apache.bcel.classfile.RuntimeVisibleAnnotations::org.apache.bcel.classfile.Annotations,68
org.apache.bcel.classfile.RuntimeVisibleAnnotations::org.apache.bcel.classfile.Annotations,48
org.apache.bcel.classfile.RuntimeVisibleAnnotations::org.apache.bcel.classfile.Annotations,49
org.apache.bcel.classfile.RuntimeVisibleAnnotations::org.apache.bcel.classfile.Annotations,50
org.apache.bcel.classfile.RuntimeVisibleAnnotations::org.apache.bcel.classfile.Annotations,51
org.apache.bcel.classfile.AnnotationEntry::org.apache.bcel.classfile.AnnotationEntry,65
org.apache.bcel.classfile.AnnotationEntry::org.apache.bcel.classfile.AnnotationEntry,66
org.apache.bcel.classfile.AnnotationEntry::org.apache.bcel.classfile.AnnotationEntry,67
org.apache.bcel.classfile.AnnotationEntry::org.apache.bcel.classfile.AnnotationEntry,68
org.apache.bcel.classfile.RuntimeVisibleAnnotations::org.apache.bcel.classfile.Annotations,53
org.apache.bcel.classfile.RuntimeVisibleAnnotations::org.apache.bcel.classfile.RuntimeVisibleAnnotations,47
org.apache.bcel.classfile.ExceptionTable::org.apache.bcel.classfile.Attribute,257
org.apache.bcel.classfile.ExceptionTable::org.apache.bcel.classfile.Attribute,258
org.apache.bcel.classfile.ExceptionTable::org.apache.bcel.classfile.Attribute,259
org.apache.bcel.classfile.ExceptionTable::org.apache.bcel.classfile.Attribute,260
org.apache.bcel.classfile.ExceptionTable::org.apache.bcel.classfile.Attribute,261
org.apache.bcel.classfile.ExceptionTable::org.apache.bcel.classfile.ExceptionTable,59
org.apache.bcel.classfile.ExceptionTable::org.apache.bcel.classfile.ExceptionTable,60
org.apache.bcel.classfile.ExceptionTable::org.apache.bcel.classfile.ExceptionTable,73
org.apache.bcel.classfile.ExceptionTable::org.apache.bcel.classfile.ExceptionTable,74
org.apache.bcel.classfile.ExceptionTable::org.apache.bcel.classfile.ExceptionTable,75
org.apache.bcel.classfile.ExceptionTable::org.apache.bcel.classfile.ExceptionTable,76
org.apache.bcel.classfile.ExceptionTable::org.apache.bcel.classfile.ExceptionTable,78
org.apache.bcel.classfile.Code::org.apache.bcel.classfile.Code,82
org.apache.bcel.classfile.CodeException::org.apache.bcel.classfile.CodeException,77
org.apache.bcel.classfile.CodeException::org.apache.bcel.classfile.CodeException,78
org.apache.bcel.classfile.CodeException::org.apache.bcel.classfile.CodeException,79
org.apache.bcel.classfile.CodeException::org.apache.bcel.classfile.CodeException,80
org.apache.bcel.classfile.CodeException::org.apache.bcel.classfile.CodeException,81
org.apache.bcel.classfile.CodeException::org.apache.bcel.classfile.CodeException,63
org.apache.bcel.classfile.StackMapEntry::org.apache.bcel.classfile.StackMapEntry,84
org.apache.bcel.classfile.StackMapEntry::org.apache.bcel.classfile.StackMapEntry,56
org.apache.bcel.classfile.StackMapEntry::org.apache.bcel.classfile.StackMapEntry,57
org.apache.bcel.classfile.StackMapEntry::org.apache.bcel.classfile.StackMapEntry,58
org.apache.bcel.classfile.LocalVariableTypeTable::org.apache.bcel.classfile.Attribute,257
org.apache.bcel.classfile.LocalVariableTypeTable::org.apache.bcel.classfile.Attribute,258
org.apache.bcel.classfile.LocalVariableTypeTable::org.apache.bcel.classfile.Attribute,259
org.apache.bcel.classfile.LocalVariableTypeTable::org.apache.bcel.classfile.Attribute,260
org.apache.bcel.classfile.LocalVariableTypeTable::org.apache.bcel.classfile.Attribute,261
org.apache.bcel.classfile.LocalVariableTypeTable::org.apache.bcel.classfile.LocalVariableTypeTable,67
org.apache.bcel.classfile.LocalVariableTypeTable::org.apache.bcel.classfile.LocalVariableTypeTable,68
org.apache.bcel.classfile.LocalVariableTypeTable::org.apache.bcel.classfile.LocalVariableTypeTable,73
org.apache.bcel.classfile.LocalVariableTypeTable::org.apache.bcel.classfile.LocalVariableTypeTable,74
org.apache.bcel.classfile.LocalVariableTypeTable::org.apache.bcel.classfile.LocalVariableTypeTable,76
org.apache.bcel.classfile.LocalVariableTypeTable::org.apache.bcel.classfile.LocalVariableTypeTable,77
org.apache.bcel.classfile.LocalVariableTypeTable::org.apache.bcel.classfile.LocalVariableTypeTable,79
org.apache.bcel.classfile.ClassParser::org.apache.bcel.classfile.ClassParser,295
org.apache.bcel.classfile.ClassParser::org.apache.bcel.classfile.ClassParser,154
org.apache.bcel.classfile.ClassParser::org.apache.bcel.classfile.ClassParser,202
org.apache.bcel.classfile.ClassParser::org.apache.bcel.classfile.ClassParser,203
org.apache.bcel.classfile.ClassParser::org.apache.bcel.classfile.ClassParser,204
org.apache.bcel.classfile.ClassParser::org.apache.bcel.classfile.ClassParser,205
org.apache.bcel.classfile.SourceFile::org.apache.bcel.classfile.Attribute,257
org.apache.bcel.classfile.SourceFile::org.apache.bcel.classfile.Attribute,258
org.apache.bcel.classfile.SourceFile::org.apache.bcel.classfile.Attribute,259
org.apache.bcel.classfile.SourceFile::org.apache.bcel.classfile.Attribute,260
org.apache.bcel.classfile.SourceFile::org.apache.bcel.classfile.Attribute,261
org.apache.bcel.classfile.SourceFile::org.apache.bcel.classfile.SourceFile,77
org.apache.bcel.classfile.SourceFile::org.apache.bcel.classfile.SourceFile,78
org.apache.bcel.classfile.SourceFile::org.apache.bcel.classfile.SourceFile,59
org.apache.bcel.classfile.InnerClasses::org.apache.bcel.classfile.Attribute,257
org.apache.bcel.classfile.InnerClasses::org.apache.bcel.classfile.Attribute,258
org.apache.bcel.classfile.InnerClasses::org.apache.bcel.classfile.Attribute,259
org.apache.bcel.classfile.InnerClasses::org.apache.bcel.classfile.Attribute,260
org.apache.bcel.classfile.InnerClasses::org.apache.bcel.classfile.Attribute,261
org.apache.bcel.classfile.InnerClasses::org.apache.bcel.classfile.InnerClasses,57
org.apache.bcel.classfile.InnerClasses::org.apache.bcel.classfile.InnerClasses,58
org.apache.bcel.classfile.InnerClasses::org.apache.bcel.classfile.InnerClasses,73
org.apache.bcel.classfile.InnerClasses::org.apache.bcel.classfile.InnerClasses,74
org.apache.bcel.classfile.InnerClasses::org.apache.bcel.classfile.InnerClasses,75
org.apache.bcel.classfile.InnerClasses::org.apache.bcel.classfile.InnerClasses,76
org.apache.bcel.classfile.InnerClass::org.apache.bcel.classfile.InnerClass,69
org.apache.bcel.classfile.InnerClass::org.apache.bcel.classfile.InnerClass,70
org.apache.bcel.classfile.InnerClass::org.apache.bcel.classfile.InnerClass,71
org.apache.bcel.classfile.InnerClass::org.apache.bcel.classfile.InnerClass,72
org.apache.bcel.classfile.InnerClass::org.apache.bcel.classfile.InnerClass,73
org.apache.bcel.classfile.InnerClass::org.apache.bcel.classfile.InnerClass,58
org.apache.bcel.classfile.InnerClasses::org.apache.bcel.classfile.InnerClasses,78
org.apache.bcel.classfile.ClassParser::org.apache.bcel.classfile.ClassParser,207
org.apache.bcel.classfile.ClassParser::org.apache.bcel.classfile.ClassParser,171
org.apache.bcel.classfile.ClassParser::org.apache.bcel.classfile.ClassParser,181
org.apache.bcel.classfile.ClassParser::org.apache.bcel.classfile.ClassParser,186
org.apache.bcel.classfile.ClassParser::org.apache.bcel.classfile.ClassParser,189
org.apache.bcel.classfile.JavaClass::org.apache.bcel.classfile.AccessFlags,42
org.apache.bcel.classfile.JavaClass::org.apache.bcel.classfile.AccessFlags,43
org.apache.bcel.classfile.JavaClass::org.apache.bcel.classfile.JavaClass,53
org.apache.bcel.classfile.JavaClass::org.apache.bcel.classfile.JavaClass,67
org.apache.bcel.classfile.JavaClass::org.apache.bcel.classfile.JavaClass,68
org.apache.bcel.classfile.JavaClass::org.apache.bcel.classfile.JavaClass,69
org.apache.bcel.classfile.JavaClass::org.apache.bcel.classfile.JavaClass,70
org.apache.bcel.classfile.JavaClass::org.apache.bcel.classfile.JavaClass,97
org.apache.bcel.classfile.JavaClass::org.apache.bcel.classfile.JavaClass,98
org.apache.bcel.classfile.JavaClass::org.apache.bcel.classfile.JavaClass,123
org.apache.bcel.classfile.JavaClass::org.apache.bcel.classfile.JavaClass,126
org.apache.bcel.classfile.JavaClass::org.apache.bcel.classfile.JavaClass,129
org.apache.bcel.classfile.JavaClass::org.apache.bcel.classfile.JavaClass,132
org.apache.bcel.classfile.JavaClass::org.apache.bcel.classfile.JavaClass,135
org.apache.bcel.classfile.JavaClass::org.apache.bcel.classfile.JavaClass,136
org.apache.bcel.classfile.JavaClass::org.apache.bcel.classfile.JavaClass,137
org.apache.bcel.classfile.JavaClass::org.apache.bcel.classfile.JavaClass,138
org.apache.bcel.classfile.JavaClass::org.apache.bcel.classfile.JavaClass,139
org.apache.bcel.classfile.JavaClass::org.apache.bcel.classfile.JavaClass,140
org.apache.bcel.classfile.JavaClass::org.apache.bcel.classfile.JavaClass,141
org.apache.bcel.classfile.JavaClass::org.apache.bcel.classfile.JavaClass,142
org.apache.bcel.classfile.JavaClass::org.apache.bcel.classfile.JavaClass,143
org.apache.bcel.classfile.JavaClass::org.apache.bcel.classfile.JavaClass,144
org.apache.bcel.classfile.JavaClass::org.apache.bcel.classfile.JavaClass,145
org.apache.bcel.classfile.JavaClass::org.apache.bcel.classfile.JavaClass,147
org.apache.bcel.classfile.JavaClass::org.apache.bcel.classfile.JavaClass,148
org.apache.bcel.classfile.JavaClass::org.apache.bcel.classfile.JavaClass,149
org.apache.bcel.classfile.SourceFile::org.apache.bcel.classfile.SourceFile,127
org.apache.bcel.classfile.SourceFile::org.apache.bcel.classfile.Attribute,319
org.apache.bcel.classfile.SourceFile::org.apache.bcel.classfile.SourceFile,129
org.apache.bcel.classfile.JavaClass::org.apache.bcel.classfile.JavaClass,150
org.apache.bcel.classfile.JavaClass::org.apache.bcel.classfile.JavaClass,157
org.apache.bcel.classfile.ConstantPool::org.apache.bcel.classfile.ConstantPool,291
org.apache.bcel.classfile.ConstantPool::org.apache.bcel.classfile.ConstantPool,299
org.apache.bcel.classfile.ConstantPool::org.apache.bcel.classfile.ConstantPool,301
org.apache.bcel.classfile.ConstantClass::org.apache.bcel.classfile.ConstantClass,96
org.apache.bcel.classfile.ConstantPool::org.apache.bcel.classfile.ConstantPool,302
org.apache.bcel.classfile.ConstantPool::org.apache.bcel.classfile.ConstantPool,316
org.apache.bcel.classfile.ConstantPool::org.apache.bcel.classfile.ConstantPool,317
org.apache.bcel.classfile.JavaClass::org.apache.bcel.classfile.JavaClass,158
org.apache.bcel.classfile.JavaClass::org.apache.bcel.classfile.JavaClass,159
org.apache.bcel.classfile.JavaClass::org.apache.bcel.classfile.JavaClass,160
org.apache.bcel.classfile.JavaClass::org.apache.bcel.classfile.JavaClass,163
org.apache.bcel.classfile.JavaClass::org.apache.bcel.classfile.JavaClass,165
org.apache.bcel.classfile.JavaClass::org.apache.bcel.classfile.JavaClass,167
org.apache.bcel.classfile.JavaClass::org.apache.bcel.classfile.JavaClass,169
org.apache.bcel.classfile.JavaClass::org.apache.bcel.classfile.JavaClass,173
org.apache.bcel.classfile.JavaClass::org.apache.bcel.classfile.JavaClass,174
org.apache.bcel.classfile.JavaClass::org.apache.bcel.classfile.JavaClass,175
org.apache.bcel.classfile.JavaClass::org.apache.bcel.classfile.JavaClass,176
org.apache.bcel.classfile.JavaClass::org.apache.bcel.classfile.JavaClass,178
org.apache.bcel.classfile.JavaClass::org.apache.bcel.classfile.JavaClass,352
org.apache.bcel.classfile.JavaClass::org.apache.bcel.classfile.JavaClass,763
org.apache.bcel.classfile.JavaClass::org.apache.bcel.classfile.JavaClass,764
org.apache.bcel.classfile.DescendingVisitor::org.apache.bcel.classfile.DescendingVisitor,34
org.apache.bcel.classfile.DescendingVisitor::org.apache.bcel.classfile.DescendingVisitor,75
org.apache.bcel.classfile.DescendingVisitor::org.apache.bcel.classfile.DescendingVisitor,76
org.apache.bcel.classfile.DescendingVisitor::org.apache.bcel.classfile.DescendingVisitor,77
org.apache.bcel.classfile.DescendingVisitor::org.apache.bcel.classfile.DescendingVisitor,293
org.apache.bcel.classfile.DescendingVisitor::org.apache.bcel.classfile.DescendingVisitor,294
