org.jtetris.models.elements.ReverseL,10
org.jtetris.models.elements.ReverseL,11
org.jtetris.models.elements.ReverseL,12
org.jtetris.models.elements.ReverseL,13
org.jtetris.models.elements.ReverseL,14
org.jtetris.models.elements.Polygon,12
org.jtetris.models.elements.Polygon,15
org.jtetris.models.elements.Polygon,17
org.jtetris.models.elements.Polygon,18
org.jtetris.models.elements.Polygon,19
org.jtetris.models.elements.Polygon,20
org.jtetris.models.elements.Polygon,17
org.jtetris.models.elements.Polygon,23
org.jtetris.models.elements.Polygon,24
org.jtetris.models.elements.Block,16
org.jtetris.models.elements.Block,17
org.jtetris.models.elements.Block,18
org.jtetris.models.elements.Block,21
org.jtetris.models.elements.Block,22
org.jtetris.models.elements.Block,24
org.jtetris.models.elements.Block,25
org.jtetris.models.elements.Block,27
org.jtetris.models.elements.Block,30
org.jtetris.models.elements.Block,31
org.jtetris.models.elements.Block,32
org.jtetris.models.elements.Block,34
org.jtetris.models.elements.Block,37
org.jtetris.models.elements.Block,40
org.jtetris.models.elements.Block,41
org.jtetris.models.elements.Block,42
org.jtetris.models.elements.Block,43
org.jtetris.models.elements.Block,45
org.jtetris.models.elements.Block,48
org.jtetris.models.elements.Block,51
org.jtetris.models.elements.Block,52
org.jtetris.models.elements.Block,54
org.jtetris.models.elements.Block,56
org.jtetris.models.elements.Block,54
org.jtetris.models.elements.Block,52
org.jtetris.models.elements.Block,59
org.jtetris.models.elements.Grid,15
org.jtetris.models.elements.Grid,16
org.jtetris.models.elements.Grid,17
org.jtetris.models.elements.Grid,18
org.jtetris.models.elements.Grid,21
org.jtetris.models.elements.Grid,23
org.jtetris.models.elements.Grid,25
org.jtetris.models.elements.Grid,26
org.jtetris.models.elements.Grid,27
org.jtetris.models.elements.Grid,23
org.jtetris.models.elements.Grid,21
org.jtetris.models.elements.Grid,34
org.jtetris.models.elements.Grid,38
org.jtetris.models.elements.Grid,39
org.jtetris.models.elements.Grid,40
org.jtetris.models.elements.Grid,42
org.jtetris.models.elements.Grid,44
org.jtetris.models.elements.Grid,46
org.jtetris.models.elements.Grid,44
org.jtetris.models.elements.Grid,42
org.jtetris.models.elements.Grid,50
org.jtetris.models.elements.Grid,54
org.jtetris.models.elements.Grid,55
org.jtetris.models.elements.Grid,57
org.jtetris.models.elements.Grid,58
org.jtetris.models.elements.Grid,59
org.jtetris.models.elements.Grid,60
org.jtetris.models.elements.Grid,58
org.jtetris.models.elements.Grid,62
org.jtetris.models.elements.Grid,66
org.jtetris.models.elements.Grid,67
org.jtetris.models.elements.Grid,69
org.jtetris.models.elements.Grid,70
org.jtetris.models.elements.Grid,71
org.jtetris.models.elements.Grid,72
org.jtetris.models.elements.Grid,70
org.jtetris.models.elements.Grid,74
org.jtetris.models.elements.Grid,78
org.jtetris.models.elements.Grid,80
org.jtetris.models.elements.Grid,81
org.jtetris.models.elements.Grid,83
org.jtetris.models.elements.Grid,84
org.jtetris.models.elements.Grid,85
org.jtetris.models.elements.Grid,84
org.jtetris.models.elements.Grid,83
org.jtetris.models.elements.Grid,87
org.jtetris.models.elements.Grid,88
org.jtetris.models.elements.Grid,87
org.jtetris.models.elements.Grid,89
org.jtetris.models.elements.Grid,92
org.jtetris.models.elements.Grid,94
org.jtetris.models.elements.Grid,95
org.jtetris.models.elements.Grid,97
org.jtetris.models.elements.Grid,98
org.jtetris.models.elements.Grid,99
org.jtetris.models.elements.Grid,98
org.jtetris.models.elements.Grid,97
org.jtetris.models.elements.Grid,101
org.jtetris.models.elements.Grid,102
org.jtetris.models.elements.Grid,101
org.jtetris.models.elements.Grid,103
org.jtetris.models.elements.Grid,106
org.jtetris.models.elements.Grid,108
org.jtetris.models.elements.Grid,109
org.jtetris.models.elements.Grid,111
org.jtetris.models.elements.Grid,112
org.jtetris.models.elements.Grid,113
org.jtetris.models.elements.Grid,112
org.jtetris.models.elements.Grid,111
org.jtetris.models.elements.Grid,115
org.jtetris.models.elements.Grid,116
org.jtetris.models.elements.Grid,115
org.jtetris.models.elements.Grid,117
