org.apache.commons.collections4.map.LazySortedMap::org.apache.commons.collections4.map.AbstractMapDecorator,62
org.apache.commons.collections4.map.LazySortedMap::org.apache.commons.collections4.map.AbstractMapDecorator,63
org.apache.commons.collections4.map.LazySortedMap::org.apache.commons.collections4.map.LazyMap,130
org.apache.commons.collections4.map.LazySortedMap::org.apache.commons.collections4.map.LazyMap,131
org.apache.commons.collections4.map.LazySortedMap::org.apache.commons.collections4.map.LazySortedMap,124
org.apache.commons.collections4.map.LazySortedMap::org.apache.commons.collections4.map.AbstractMapDecorator,137
org.apache.commons.collections4.map.LazySortedMap::org.apache.commons.collections4.map.AbstractMapDecorator,140
org.apache.commons.collections4.map.LazySortedMap::org.apache.commons.collections4.map.AbstractMapDecorator,71
org.apache.commons.collections4.map.LazySortedMap::org.apache.commons.collections4.map.AbstractMapDecorator,138
org.apache.commons.collections4.map.LazySortedMap::org.apache.commons.collections4.map.LazyMap,118
org.apache.commons.collections4.map.LazySortedMap::org.apache.commons.collections4.map.LazyMap,119
org.apache.commons.collections4.map.LazySortedMap::org.apache.commons.collections4.map.LazySortedMap,113
org.apache.commons.collections4.map.LazySortedMap::org.apache.commons.collections4.map.AbstractMapDecorator,127
org.apache.commons.collections4.map.LazySortedMap::org.apache.commons.collections4.map.LazySortedMap,160
org.apache.commons.collections4.map.LazySortedMap::org.apache.commons.collections4.map.LazySortedMap,133
org.apache.commons.collections4.map.LazySortedMap::org.apache.commons.collections4.map.LazySortedMap,161
org.apache.commons.collections4.map.LazySortedMap::org.apache.commons.collections4.map.AbstractMapDecorator,102
org.apache.commons.collections4.map.LazySortedMap::org.apache.commons.collections4.map.LazySortedMap,139
org.apache.commons.collections4.map.LazySortedMap::org.apache.commons.collections4.map.LazySortedMap,149
org.apache.commons.collections4.map.LazySortedMap::org.apache.commons.collections4.map.LazySortedMap,166
org.apache.commons.collections4.map.LazySortedMap::org.apache.commons.collections4.map.LazySortedMap,154
org.apache.commons.collections4.map.LazySortedMap::org.apache.commons.collections4.map.LazySortedMap,144
org.apache.commons.collections4.map.LazySortedMap::org.apache.commons.collections4.map.LazySortedMap,167
org.apache.commons.collections4.map.LazySortedMap::org.apache.commons.collections4.map.LazySortedMap,155
