org.ta4j.core.indicators.RWIHighIndicator::org.ta4j.core.indicators.AbstractIndicator,40
org.ta4j.core.indicators.RWIHighIndicator::org.ta4j.core.indicators.AbstractIndicator,50
org.ta4j.core.indicators.RWIHighIndicator::org.ta4j.core.indicators.AbstractIndicator,51
org.ta4j.core.indicators.RWIHighIndicator::org.ta4j.core.indicators.CachedIndicator,46
org.ta4j.core.indicators.RWIHighIndicator::org.ta4j.core.indicators.CachedIndicator,52
org.ta4j.core.indicators.RWIHighIndicator::org.ta4j.core.indicators.CachedIndicator,61
org.ta4j.core.indicators.RWIHighIndicator::org.ta4j.core.indicators.RWIHighIndicator,49
org.ta4j.core.indicators.RWIHighIndicator::org.ta4j.core.indicators.RWIHighIndicator,50
org.ta4j.core.indicators.RWIHighIndicator::org.ta4j.core.indicators.CachedIndicator,74
org.ta4j.core.indicators.RWIHighIndicator::org.ta4j.core.indicators.AbstractIndicator,55
org.ta4j.core.indicators.RWIHighIndicator::org.ta4j.core.indicators.CachedIndicator,75
org.ta4j.core.indicators.RWIHighIndicator::org.ta4j.core.indicators.CachedIndicator,84
org.ta4j.core.indicators.RWIHighIndicator::org.ta4j.core.indicators.CachedIndicator,85
org.ta4j.core.indicators.RWIHighIndicator::org.ta4j.core.indicators.CachedIndicator,88
org.ta4j.core.indicators.RWIHighIndicator::org.ta4j.core.indicators.CachedIndicator,103
org.ta4j.core.indicators.RWIHighIndicator::org.ta4j.core.indicators.CachedIndicator,107
org.ta4j.core.indicators.RWIHighIndicator::org.ta4j.core.indicators.CachedIndicator,141
org.ta4j.core.indicators.RWIHighIndicator::org.ta4j.core.indicators.CachedIndicator,152
org.ta4j.core.indicators.RWIHighIndicator::org.ta4j.core.indicators.CachedIndicator,153
org.ta4j.core.indicators.RWIHighIndicator::org.ta4j.core.indicators.CachedIndicator,155
org.ta4j.core.indicators.RWIHighIndicator::org.ta4j.core.indicators.CachedIndicator,108
org.ta4j.core.indicators.RWIHighIndicator::org.ta4j.core.indicators.CachedIndicator,110
org.ta4j.core.indicators.RWIHighIndicator::org.ta4j.core.indicators.CachedIndicator,111
org.ta4j.core.indicators.RWIHighIndicator::org.ta4j.core.indicators.RWIHighIndicator,37
org.ta4j.core.indicators.RWIHighIndicator::org.ta4j.core.indicators.RWIHighIndicator,54
org.ta4j.core.indicators.RWIHighIndicator::org.ta4j.core.indicators.RWIHighIndicator,58
org.ta4j.core.indicators.RWIHighIndicator::org.ta4j.core.indicators.AbstractIndicator,65
org.ta4j.core.indicators.RWIHighIndicator::org.ta4j.core.indicators.RWIHighIndicator,59
org.ta4j.core.indicators.RWIHighIndicator::org.ta4j.core.indicators.RWIHighIndicator,60
org.ta4j.core.indicators.RWIHighIndicator::org.ta4j.core.indicators.RWIHighIndicator,67
org.ta4j.core.indicators.RWIHighIndicator::org.ta4j.core.indicators.RWIHighIndicator,68
org.ta4j.core.indicators.RWIHighIndicator::org.ta4j.core.indicators.RWIHighIndicator,55
org.ta4j.core.indicators.RWIHighIndicator::org.ta4j.core.indicators.RWIHighIndicator,78
