org.apache.commons.collections4.map.PredicatedSortedMap::org.apache.commons.collections4.map.AbstractMapDecorator,62
org.apache.commons.collections4.map.PredicatedSortedMap::org.apache.commons.collections4.map.AbstractMapDecorator,63
org.apache.commons.collections4.map.PredicatedSortedMap::org.apache.commons.collections4.map.AbstractInputCheckedMapDecorator,64
org.apache.commons.collections4.map.PredicatedSortedMap::org.apache.commons.collections4.map.PredicatedMap,101
org.apache.commons.collections4.map.PredicatedSortedMap::org.apache.commons.collections4.map.PredicatedMap,102
org.apache.commons.collections4.map.PredicatedSortedMap::org.apache.commons.collections4.map.PredicatedMap,104
org.apache.commons.collections4.map.PredicatedSortedMap::org.apache.commons.collections4.map.PredicatedMap,105
org.apache.commons.collections4.map.PredicatedSortedMap::org.apache.commons.collections4.map.PredicatedMap,109
org.apache.commons.collections4.map.PredicatedSortedMap::org.apache.commons.collections4.map.PredicatedSortedMap,93
org.apache.commons.collections4.map.PredicatedSortedMap::org.apache.commons.collections4.map.PredicatedSortedMap,135
org.apache.commons.collections4.map.PredicatedSortedMap::org.apache.commons.collections4.map.PredicatedSortedMap,102
org.apache.commons.collections4.map.PredicatedSortedMap::org.apache.commons.collections4.map.PredicatedSortedMap,136
org.apache.commons.collections4.map.PredicatedSortedMap::org.apache.commons.collections4.map.AbstractMapDecorator,102
org.apache.commons.collections4.map.PredicatedSortedMap::org.apache.commons.collections4.map.AbstractMapDecorator,71
org.apache.commons.collections4.map.PredicatedSortedMap::org.apache.commons.collections4.map.PredicatedSortedMap,129
org.apache.commons.collections4.map.PredicatedSortedMap::org.apache.commons.collections4.map.PredicatedSortedMap,130
org.apache.commons.collections4.map.PredicatedSortedMap::org.apache.commons.collections4.map.PredicatedSortedMap,113
org.apache.commons.collections4.map.PredicatedSortedMap::org.apache.commons.collections4.map.PredicatedMap,55
org.apache.commons.collections4.map.PredicatedSortedMap::org.apache.commons.collections4.map.AbstractInputCheckedMapDecorator,103
org.apache.commons.collections4.map.PredicatedSortedMap::org.apache.commons.collections4.map.PredicatedMap,179
org.apache.commons.collections4.map.PredicatedSortedMap::org.apache.commons.collections4.map.AbstractInputCheckedMapDecorator,106
org.apache.commons.collections4.map.PredicatedSortedMap::org.apache.commons.collections4.map.AbstractMapDecorator,97
org.apache.commons.collections4.map.PredicatedSortedMap::org.apache.commons.collections4.map.PredicatedMap,185
org.apache.commons.collections4.map.PredicatedSortedMap::org.apache.commons.collections4.map.PredicatedMap,147
org.apache.commons.collections4.map.PredicatedSortedMap::org.apache.commons.collections4.map.PredicatedMap,150
org.apache.commons.collections4.map.PredicatedSortedMap::org.apache.commons.collections4.map.PredicatedMap,153
org.apache.commons.collections4.map.PredicatedSortedMap::org.apache.commons.collections4.map.PredicatedMap,186
org.apache.commons.collections4.map.PredicatedSortedMap::org.apache.commons.collections4.map.PredicatedSortedMap,108
org.apache.commons.collections4.map.PredicatedSortedMap::org.apache.commons.collections4.map.PredicatedSortedMap,118
org.apache.commons.collections4.map.PredicatedSortedMap::org.apache.commons.collections4.map.PredicatedMap,106
org.apache.commons.collections4.map.PredicatedSortedMap::org.apache.commons.collections4.map.PredicatedMap,107
org.apache.commons.collections4.map.PredicatedSortedMap::org.apache.commons.collections4.map.PredicatedSortedMap,123
org.apache.commons.collections4.map.PredicatedSortedMap::org.apache.commons.collections4.map.PredicatedMap,151
org.apache.commons.collections4.map.PredicatedSortedMap::org.apache.commons.collections4.map.PredicatedMap,108
org.apache.commons.collections4.map.PredicatedSortedMap::org.apache.commons.collections4.map.AbstractInputCheckedMapDecorator,104
org.apache.commons.collections4.map.AbstractInputCheckedMapDecorator$EntrySet::org.apache.commons.collections4.map.AbstractInputCheckedMapDecorator$EntrySet,123
org.apache.commons.collections4.map.AbstractInputCheckedMapDecorator$EntrySet::org.apache.commons.collections4.map.AbstractInputCheckedMapDecorator$EntrySet,124
org.apache.commons.collections4.map.AbstractInputCheckedMapDecorator$EntrySet::org.apache.commons.collections4.map.AbstractInputCheckedMapDecorator$EntrySet,128
org.apache.commons.collections4.map.AbstractInputCheckedMapDecorator$EntrySetIterator::org.apache.commons.collections4.map.AbstractInputCheckedMapDecorator$EntrySetIterator,180
org.apache.commons.collections4.map.AbstractInputCheckedMapDecorator$EntrySetIterator::org.apache.commons.collections4.map.AbstractInputCheckedMapDecorator$EntrySetIterator,181
org.apache.commons.collections4.map.AbstractInputCheckedMapDecorator$EntrySetIterator::org.apache.commons.collections4.map.AbstractInputCheckedMapDecorator$EntrySetIterator,172
org.apache.commons.collections4.map.AbstractInputCheckedMapDecorator$EntrySetIterator::org.apache.commons.collections4.map.AbstractInputCheckedMapDecorator$EntrySetIterator,185
org.apache.commons.collections4.map.AbstractInputCheckedMapDecorator$EntrySetIterator::org.apache.commons.collections4.map.AbstractInputCheckedMapDecorator$EntrySetIterator,186
org.apache.commons.collections4.map.AbstractInputCheckedMapDecorator$MapEntry::org.apache.commons.collections4.map.AbstractInputCheckedMapDecorator$MapEntry,200
org.apache.commons.collections4.map.AbstractInputCheckedMapDecorator$MapEntry::org.apache.commons.collections4.map.AbstractInputCheckedMapDecorator$MapEntry,201
org.apache.commons.collections4.map.PredicatedSortedMap::org.apache.commons.collections4.map.PredicatedMap,148
org.apache.commons.collections4.map.PredicatedSortedMap::org.apache.commons.collections4.map.PredicatedSortedMap,124
org.apache.commons.collections4.map.PredicatedSortedMap::org.apache.commons.collections4.map.AbstractMapDecorator,127
