org.apache.commons.collections4.map.PredicatedSortedMap,93
org.apache.commons.collections4.map.PredicatedSortedMap,102
org.apache.commons.collections4.map.PredicatedSortedMap,108
org.apache.commons.collections4.map.PredicatedSortedMap,113
org.apache.commons.collections4.map.PredicatedSortedMap,118
org.apache.commons.collections4.map.PredicatedSortedMap,123
org.apache.commons.collections4.map.PredicatedSortedMap,124
org.apache.commons.collections4.map.PredicatedSortedMap,129
org.apache.commons.collections4.map.PredicatedSortedMap,130
org.apache.commons.collections4.map.PredicatedSortedMap,135
org.apache.commons.collections4.map.PredicatedSortedMap,136
org.apache.commons.collections4.map.PredicatedMap,101
org.apache.commons.collections4.map.PredicatedMap,102
org.apache.commons.collections4.map.PredicatedMap,104
org.apache.commons.collections4.map.PredicatedMap,105
org.apache.commons.collections4.map.PredicatedMap,106
org.apache.commons.collections4.map.PredicatedMap,107
org.apache.commons.collections4.map.PredicatedMap,108
org.apache.commons.collections4.map.PredicatedMap,109
org.apache.commons.collections4.map.PredicatedMap,120
org.apache.commons.collections4.map.PredicatedMap,121
org.apache.commons.collections4.map.PredicatedMap,122
org.apache.commons.collections4.map.PredicatedMap,134
org.apache.commons.collections4.map.PredicatedMap,135
org.apache.commons.collections4.map.PredicatedMap,136
org.apache.commons.collections4.map.PredicatedMap,147
org.apache.commons.collections4.map.PredicatedMap,148
org.apache.commons.collections4.map.PredicatedMap,150
org.apache.commons.collections4.map.PredicatedMap,151
org.apache.commons.collections4.map.PredicatedMap,153
org.apache.commons.collections4.map.PredicatedMap,165
org.apache.commons.collections4.map.PredicatedMap,166
org.apache.commons.collections4.map.PredicatedMap,168
org.apache.commons.collections4.map.PredicatedMap,179
org.apache.commons.collections4.map.PredicatedMap,185
org.apache.commons.collections4.map.PredicatedMap,186
org.apache.commons.collections4.map.PredicatedMap,191
org.apache.commons.collections4.map.PredicatedMap,192
org.apache.commons.collections4.map.PredicatedMap,193
org.apache.commons.collections4.map.PredicatedMap,194
org.apache.commons.collections4.map.PredicatedMap,195
org.apache.commons.collections4.map.PredicatedMap,55
org.apache.commons.collections4.map.AbstractInputCheckedMapDecorator,54
org.apache.commons.collections4.map.AbstractInputCheckedMapDecorator,64
org.apache.commons.collections4.map.AbstractInputCheckedMapDecorator,97
org.apache.commons.collections4.map.AbstractInputCheckedMapDecorator,103
org.apache.commons.collections4.map.AbstractInputCheckedMapDecorator,104
org.apache.commons.collections4.map.AbstractInputCheckedMapDecorator,106
org.apache.commons.collections4.map.AbstractMapDecorator,53
org.apache.commons.collections4.map.AbstractMapDecorator,62
org.apache.commons.collections4.map.AbstractMapDecorator,63
org.apache.commons.collections4.map.AbstractMapDecorator,71
org.apache.commons.collections4.map.AbstractMapDecorator,77
org.apache.commons.collections4.map.AbstractMapDecorator,78
org.apache.commons.collections4.map.AbstractMapDecorator,82
org.apache.commons.collections4.map.AbstractMapDecorator,87
org.apache.commons.collections4.map.AbstractMapDecorator,92
org.apache.commons.collections4.map.AbstractMapDecorator,97
org.apache.commons.collections4.map.AbstractMapDecorator,102
org.apache.commons.collections4.map.AbstractMapDecorator,107
org.apache.commons.collections4.map.AbstractMapDecorator,112
org.apache.commons.collections4.map.AbstractMapDecorator,117
org.apache.commons.collections4.map.AbstractMapDecorator,118
org.apache.commons.collections4.map.AbstractMapDecorator,122
org.apache.commons.collections4.map.AbstractMapDecorator,127
org.apache.commons.collections4.map.AbstractMapDecorator,132
org.apache.commons.collections4.map.AbstractMapDecorator,137
org.apache.commons.collections4.map.AbstractMapDecorator,138
org.apache.commons.collections4.map.AbstractMapDecorator,140
org.apache.commons.collections4.map.AbstractMapDecorator,145
org.apache.commons.collections4.map.AbstractMapDecorator,150
org.apache.commons.collections4.map.AbstractIterableMap,36
org.apache.commons.collections4.map.AbstractInputCheckedMapDecorator$EntrySet,123
org.apache.commons.collections4.map.AbstractInputCheckedMapDecorator$EntrySet,124
org.apache.commons.collections4.map.AbstractInputCheckedMapDecorator$EntrySet,128
org.apache.commons.collections4.map.AbstractInputCheckedMapDecorator$EntrySet,134
org.apache.commons.collections4.map.AbstractInputCheckedMapDecorator$EntrySet,135
org.apache.commons.collections4.map.AbstractInputCheckedMapDecorator$EntrySet,136
org.apache.commons.collections4.map.AbstractInputCheckedMapDecorator$EntrySet,135
org.apache.commons.collections4.map.AbstractInputCheckedMapDecorator$EntrySet,138
org.apache.commons.collections4.map.AbstractInputCheckedMapDecorator$EntrySet,144
org.apache.commons.collections4.map.AbstractInputCheckedMapDecorator$EntrySet,145
org.apache.commons.collections4.map.AbstractInputCheckedMapDecorator$EntrySet,148
org.apache.commons.collections4.map.AbstractInputCheckedMapDecorator$EntrySet,150
org.apache.commons.collections4.map.AbstractInputCheckedMapDecorator$EntrySet,151
org.apache.commons.collections4.map.AbstractInputCheckedMapDecorator$EntrySet,152
org.apache.commons.collections4.map.AbstractInputCheckedMapDecorator$EntrySet,151
org.apache.commons.collections4.map.AbstractInputCheckedMapDecorator$EntrySet,156
org.apache.commons.collections4.map.AbstractInputCheckedMapDecorator$EntrySet,157
org.apache.commons.collections4.map.AbstractInputCheckedMapDecorator$EntrySet,161
org.apache.commons.collections4.map.AbstractInputCheckedMapDecorator$EntrySet,162
org.apache.commons.collections4.map.AbstractInputCheckedMapDecorator$EntrySet,163
org.apache.commons.collections4.map.AbstractInputCheckedMapDecorator$EntrySet,165
org.apache.commons.collections4.map.AbstractInputCheckedMapDecorator$EntrySetIterator,180
org.apache.commons.collections4.map.AbstractInputCheckedMapDecorator$EntrySetIterator,181
org.apache.commons.collections4.map.AbstractInputCheckedMapDecorator$EntrySetIterator,185
org.apache.commons.collections4.map.AbstractInputCheckedMapDecorator$EntrySetIterator,186
org.apache.commons.collections4.map.AbstractInputCheckedMapDecorator$EntrySetIterator,172
org.apache.commons.collections4.map.AbstractInputCheckedMapDecorator$MapEntry,200
org.apache.commons.collections4.map.AbstractInputCheckedMapDecorator$MapEntry,201
org.apache.commons.collections4.map.AbstractInputCheckedMapDecorator$MapEntry,205
org.apache.commons.collections4.map.AbstractInputCheckedMapDecorator$MapEntry,206
