org.ta4j.core.indicators.helpers.ClosePriceIndicator::org.ta4j.core.indicators.AbstractIndicator,40
org.ta4j.core.indicators.helpers.ClosePriceIndicator::org.ta4j.core.indicators.AbstractIndicator,50
org.ta4j.core.indicators.helpers.ClosePriceIndicator::org.ta4j.core.indicators.AbstractIndicator,51
org.ta4j.core.indicators.helpers.ClosePriceIndicator::org.ta4j.core.indicators.CachedIndicator,46
org.ta4j.core.indicators.helpers.ClosePriceIndicator::org.ta4j.core.indicators.CachedIndicator,52
org.ta4j.core.indicators.helpers.ClosePriceIndicator::org.ta4j.core.indicators.CachedIndicator,61
org.ta4j.core.indicators.helpers.ClosePriceIndicator::org.ta4j.core.indicators.helpers.PriceIndicator,42
org.ta4j.core.indicators.helpers.ClosePriceIndicator::org.ta4j.core.indicators.helpers.PriceIndicator,43
org.ta4j.core.indicators.helpers.ClosePriceIndicator::org.ta4j.core.indicators.helpers.ClosePriceIndicator,36
org.ta4j.core.indicators.helpers.ClosePriceIndicator::org.ta4j.core.indicators.AbstractIndicator,55
org.ta4j.core.indicators.MMAIndicator::org.ta4j.core.indicators.AbstractIndicator,40
org.ta4j.core.indicators.MMAIndicator::org.ta4j.core.indicators.AbstractIndicator,50
org.ta4j.core.indicators.MMAIndicator::org.ta4j.core.indicators.AbstractIndicator,51
org.ta4j.core.indicators.MMAIndicator::org.ta4j.core.indicators.CachedIndicator,46
org.ta4j.core.indicators.MMAIndicator::org.ta4j.core.indicators.CachedIndicator,52
org.ta4j.core.indicators.MMAIndicator::org.ta4j.core.indicators.CachedIndicator,61
org.ta4j.core.indicators.MMAIndicator::org.ta4j.core.indicators.RecursiveCachedIndicator,54
org.ta4j.core.indicators.MMAIndicator::org.ta4j.core.indicators.RecursiveCachedIndicator,63
org.ta4j.core.indicators.MMAIndicator::org.ta4j.core.indicators.AbstractEMAIndicator,42
org.ta4j.core.indicators.MMAIndicator::org.ta4j.core.indicators.AbstractEMAIndicator,43
org.ta4j.core.indicators.MMAIndicator::org.ta4j.core.indicators.AbstractEMAIndicator,44
org.ta4j.core.indicators.MMAIndicator::org.ta4j.core.indicators.AbstractIndicator,65
org.ta4j.core.indicators.MMAIndicator::org.ta4j.core.indicators.AbstractEMAIndicator,45
org.ta4j.core.indicators.MMAIndicator::org.ta4j.core.indicators.MMAIndicator,47
