org.ta4j.core.indicators.ATRIndicator,39
org.ta4j.core.indicators.ATRIndicator,40
org.ta4j.core.indicators.ATRIndicator,44
org.ta4j.core.indicators.ATRIndicator,33
org.ta4j.core.indicators.CachedIndicator,46
org.ta4j.core.indicators.CachedIndicator,52
org.ta4j.core.indicators.CachedIndicator,61
org.ta4j.core.indicators.CachedIndicator,70
org.ta4j.core.indicators.CachedIndicator,74
org.ta4j.core.indicators.CachedIndicator,75
org.ta4j.core.indicators.CachedIndicator,79
org.ta4j.core.indicators.CachedIndicator,84
org.ta4j.core.indicators.CachedIndicator,85
org.ta4j.core.indicators.CachedIndicator,88
org.ta4j.core.indicators.CachedIndicator,90
org.ta4j.core.indicators.CachedIndicator,91
org.ta4j.core.indicators.CachedIndicator,90
org.ta4j.core.indicators.CachedIndicator,92
org.ta4j.core.indicators.CachedIndicator,93
org.ta4j.core.indicators.CachedIndicator,94
org.ta4j.core.indicators.CachedIndicator,95
org.ta4j.core.indicators.CachedIndicator,99
org.ta4j.core.indicators.CachedIndicator,100
org.ta4j.core.indicators.CachedIndicator,103
org.ta4j.core.indicators.CachedIndicator,105
org.ta4j.core.indicators.CachedIndicator,107
org.ta4j.core.indicators.CachedIndicator,108
org.ta4j.core.indicators.CachedIndicator,110
org.ta4j.core.indicators.CachedIndicator,111
org.ta4j.core.indicators.CachedIndicator,112
org.ta4j.core.indicators.CachedIndicator,115
org.ta4j.core.indicators.CachedIndicator,116
org.ta4j.core.indicators.CachedIndicator,117
org.ta4j.core.indicators.CachedIndicator,118
org.ta4j.core.indicators.CachedIndicator,119
org.ta4j.core.indicators.CachedIndicator,125
org.ta4j.core.indicators.CachedIndicator,141
org.ta4j.core.indicators.CachedIndicator,142
org.ta4j.core.indicators.CachedIndicator,143
org.ta4j.core.indicators.CachedIndicator,144
org.ta4j.core.indicators.CachedIndicator,145
org.ta4j.core.indicators.CachedIndicator,146
org.ta4j.core.indicators.CachedIndicator,147
org.ta4j.core.indicators.CachedIndicator,148
org.ta4j.core.indicators.CachedIndicator,150
org.ta4j.core.indicators.CachedIndicator,152
org.ta4j.core.indicators.CachedIndicator,153
org.ta4j.core.indicators.CachedIndicator,155
org.ta4j.core.indicators.CachedIndicator,164
org.ta4j.core.indicators.CachedIndicator,165
org.ta4j.core.indicators.CachedIndicator,167
org.ta4j.core.indicators.CachedIndicator,168
org.ta4j.core.indicators.CachedIndicator,169
org.ta4j.core.indicators.CachedIndicator,168
org.ta4j.core.indicators.CachedIndicator,172
org.ta4j.core.indicators.AbstractIndicator,40
org.ta4j.core.indicators.AbstractIndicator,50
org.ta4j.core.indicators.AbstractIndicator,51
org.ta4j.core.indicators.AbstractIndicator,55
org.ta4j.core.indicators.AbstractIndicator,60
org.ta4j.core.indicators.AbstractIndicator,65
org.ta4j.core.indicators.MMAIndicator,47
org.ta4j.core.indicators.AbstractEMAIndicator,42
org.ta4j.core.indicators.AbstractEMAIndicator,43
org.ta4j.core.indicators.AbstractEMAIndicator,44
org.ta4j.core.indicators.AbstractEMAIndicator,45
org.ta4j.core.indicators.AbstractEMAIndicator,49
org.ta4j.core.indicators.AbstractEMAIndicator,50
org.ta4j.core.indicators.AbstractEMAIndicator,52
org.ta4j.core.indicators.AbstractEMAIndicator,53
org.ta4j.core.indicators.AbstractEMAIndicator,58
org.ta4j.core.indicators.AbstractEMAIndicator,32
org.ta4j.core.indicators.RecursiveCachedIndicator,54
org.ta4j.core.indicators.RecursiveCachedIndicator,63
org.ta4j.core.indicators.RecursiveCachedIndicator,67
org.ta4j.core.indicators.RecursiveCachedIndicator,68
org.ta4j.core.indicators.RecursiveCachedIndicator,69
org.ta4j.core.indicators.RecursiveCachedIndicator,70
org.ta4j.core.indicators.RecursiveCachedIndicator,72
org.ta4j.core.indicators.RecursiveCachedIndicator,73
org.ta4j.core.indicators.RecursiveCachedIndicator,74
org.ta4j.core.indicators.RecursiveCachedIndicator,77
org.ta4j.core.indicators.RecursiveCachedIndicator,78
org.ta4j.core.indicators.RecursiveCachedIndicator,77
org.ta4j.core.indicators.RecursiveCachedIndicator,84
org.ta4j.core.indicators.helpers.TRIndicator,37
org.ta4j.core.indicators.helpers.TRIndicator,41
org.ta4j.core.indicators.helpers.TRIndicator,42
org.ta4j.core.indicators.helpers.TRIndicator,43
org.ta4j.core.indicators.helpers.TRIndicator,44
org.ta4j.core.indicators.helpers.TRIndicator,45
org.ta4j.core.indicators.helpers.TRIndicator,46
org.ta4j.core.indicators.helpers.TRIndicator,33
