org.apache.commons.collections4.map.AbstractReferenceMap$ReferenceStrength::org.apache.commons.collections4.map.AbstractReferenceMap$ReferenceStrength,123
org.apache.commons.collections4.map.AbstractReferenceMap$ReferenceStrength::org.apache.commons.collections4.map.AbstractReferenceMap$ReferenceStrength,124
org.apache.commons.collections4.map.ReferenceMap::org.apache.commons.collections4.map.AbstractHashedMap,140
org.apache.commons.collections4.map.ReferenceMap::org.apache.commons.collections4.map.AbstractHashedMap,141
org.apache.commons.collections4.map.ReferenceMap::org.apache.commons.collections4.map.AbstractHashedMap,143
org.apache.commons.collections4.map.ReferenceMap::org.apache.commons.collections4.map.AbstractHashedMap,146
org.apache.commons.collections4.map.ReferenceMap::org.apache.commons.collections4.map.AbstractHashedMap,147
org.apache.commons.collections4.map.ReferenceMap::org.apache.commons.collections4.map.AbstractHashedMap,662
org.apache.commons.collections4.map.ReferenceMap::org.apache.commons.collections4.map.AbstractHashedMap,663
org.apache.commons.collections4.map.ReferenceMap::org.apache.commons.collections4.map.AbstractHashedMap,666
org.apache.commons.collections4.map.ReferenceMap::org.apache.commons.collections4.map.AbstractHashedMap,669
org.apache.commons.collections4.map.ReferenceMap::org.apache.commons.collections4.map.AbstractHashedMap,673
org.apache.commons.collections4.map.ReferenceMap::org.apache.commons.collections4.map.AbstractHashedMap,148
org.apache.commons.collections4.map.ReferenceMap::org.apache.commons.collections4.map.AbstractHashedMap,685
org.apache.commons.collections4.map.ReferenceMap::org.apache.commons.collections4.map.AbstractHashedMap,149
org.apache.commons.collections4.map.ReferenceMap::org.apache.commons.collections4.map.AbstractHashedMap,150
org.apache.commons.collections4.map.ReferenceMap::org.apache.commons.collections4.map.AbstractReferenceMap,187
org.apache.commons.collections4.map.ReferenceMap::org.apache.commons.collections4.map.AbstractReferenceMap,188
org.apache.commons.collections4.map.ReferenceMap::org.apache.commons.collections4.map.AbstractHashedMap,151
org.apache.commons.collections4.map.ReferenceMap::org.apache.commons.collections4.map.AbstractReferenceMap,177
org.apache.commons.collections4.map.ReferenceMap::org.apache.commons.collections4.map.AbstractReferenceMap,178
org.apache.commons.collections4.map.ReferenceMap::org.apache.commons.collections4.map.AbstractReferenceMap,179
org.apache.commons.collections4.map.ReferenceMap::org.apache.commons.collections4.map.AbstractReferenceMap,180
org.apache.commons.collections4.map.ReferenceMap::org.apache.commons.collections4.map.ReferenceMap,174
org.apache.commons.collections4.map.ReferenceMap::org.apache.commons.collections4.map.AbstractHashedMap,667
org.apache.commons.collections4.map.ReferenceMap::org.apache.commons.collections4.map.ReferenceMap,130
org.apache.commons.collections4.map.ReferenceMap::org.apache.commons.collections4.map.ReferenceMap,111
org.apache.commons.collections4.map.ReferenceMap::org.apache.commons.collections4.map.ReferenceMap,151
org.apache.commons.collections4.map.ReferenceMap::org.apache.commons.collections4.map.ReferenceMap,94
