org.apache.commons.collections4.map.FixedSizeMap,90
org.apache.commons.collections4.map.FixedSizeMap,101
org.apache.commons.collections4.map.FixedSizeMap,102
org.apache.commons.collections4.map.FixedSizeMap,103
org.apache.commons.collections4.map.FixedSizeMap,115
org.apache.commons.collections4.map.FixedSizeMap,116
org.apache.commons.collections4.map.FixedSizeMap,117
org.apache.commons.collections4.map.FixedSizeMap,122
org.apache.commons.collections4.map.FixedSizeMap,123
org.apache.commons.collections4.map.FixedSizeMap,125
org.apache.commons.collections4.map.FixedSizeMap,130
org.apache.commons.collections4.map.FixedSizeMap,131
org.apache.commons.collections4.map.FixedSizeMap,132
org.apache.commons.collections4.map.FixedSizeMap,134
org.apache.commons.collections4.map.FixedSizeMap,135
org.apache.commons.collections4.map.FixedSizeMap,136
org.apache.commons.collections4.map.FixedSizeMap,140
org.apache.commons.collections4.map.FixedSizeMap,145
org.apache.commons.collections4.map.FixedSizeMap,150
org.apache.commons.collections4.map.FixedSizeMap,152
org.apache.commons.collections4.map.FixedSizeMap,157
org.apache.commons.collections4.map.FixedSizeMap,158
org.apache.commons.collections4.map.FixedSizeMap,163
org.apache.commons.collections4.map.FixedSizeMap,164
org.apache.commons.collections4.map.FixedSizeMap,169
org.apache.commons.collections4.map.FixedSizeMap,174
org.apache.commons.collections4.map.AbstractMapDecorator,53
org.apache.commons.collections4.map.AbstractMapDecorator,62
org.apache.commons.collections4.map.AbstractMapDecorator,63
org.apache.commons.collections4.map.AbstractMapDecorator,71
org.apache.commons.collections4.map.AbstractMapDecorator,77
org.apache.commons.collections4.map.AbstractMapDecorator,78
org.apache.commons.collections4.map.AbstractMapDecorator,82
org.apache.commons.collections4.map.AbstractMapDecorator,87
org.apache.commons.collections4.map.AbstractMapDecorator,92
org.apache.commons.collections4.map.AbstractMapDecorator,97
org.apache.commons.collections4.map.AbstractMapDecorator,102
org.apache.commons.collections4.map.AbstractMapDecorator,107
org.apache.commons.collections4.map.AbstractMapDecorator,112
org.apache.commons.collections4.map.AbstractMapDecorator,117
org.apache.commons.collections4.map.AbstractMapDecorator,118
org.apache.commons.collections4.map.AbstractMapDecorator,122
org.apache.commons.collections4.map.AbstractMapDecorator,127
org.apache.commons.collections4.map.AbstractMapDecorator,132
org.apache.commons.collections4.map.AbstractMapDecorator,137
org.apache.commons.collections4.map.AbstractMapDecorator,138
org.apache.commons.collections4.map.AbstractMapDecorator,140
org.apache.commons.collections4.map.AbstractMapDecorator,145
org.apache.commons.collections4.map.AbstractMapDecorator,150
org.apache.commons.collections4.map.AbstractIterableMap,36
