org.apache.bcel.classfile.Visitor,139
org.apache.bcel.classfile.Visitor,171
org.apache.bcel.classfile.Visitor,178
org.apache.bcel.classfile.Visitor,185
org.apache.bcel.classfile.Visitor,192
org.apache.bcel.classfile.Visitor,199
org.apache.bcel.classfile.Visitor,206
org.apache.bcel.classfile.Visitor,213
org.apache.bcel.classfile.Visitor,220
org.apache.bcel.classfile.Visitor,227
org.apache.bcel.classfile.Visitor,234
org.apache.bcel.classfile.ConstantInvokeDynamic,41
org.apache.bcel.classfile.ConstantInvokeDynamic,52
org.apache.bcel.classfile.ConstantInvokeDynamic,57
org.apache.bcel.classfile.ConstantInvokeDynamic,69
org.apache.bcel.classfile.ConstantInvokeDynamic,70
org.apache.bcel.classfile.ConstantInvokeDynamic,80
org.apache.bcel.classfile.ConstantInvokeDynamic,88
org.apache.bcel.classfile.ConstantCP,60
org.apache.bcel.classfile.ConstantCP,72
org.apache.bcel.classfile.ConstantCP,81
org.apache.bcel.classfile.ConstantCP,82
org.apache.bcel.classfile.ConstantCP,83
org.apache.bcel.classfile.ConstantCP,94
org.apache.bcel.classfile.ConstantCP,95
org.apache.bcel.classfile.ConstantCP,96
org.apache.bcel.classfile.ConstantCP,97
org.apache.bcel.classfile.ConstantCP,104
org.apache.bcel.classfile.ConstantCP,112
org.apache.bcel.classfile.ConstantCP,113
org.apache.bcel.classfile.ConstantCP,120
org.apache.bcel.classfile.ConstantCP,128
org.apache.bcel.classfile.ConstantCP,129
org.apache.bcel.classfile.ConstantCP,136
org.apache.bcel.classfile.ConstantCP,147
org.apache.bcel.classfile.Constant,67
org.apache.bcel.classfile.Constant,68
org.apache.bcel.classfile.Constant,87
org.apache.bcel.classfile.Constant,95
org.apache.bcel.classfile.Constant,103
org.apache.bcel.classfile.Constant,104
org.apache.bcel.classfile.Constant,107
org.apache.bcel.classfile.Constant,113
org.apache.bcel.classfile.Constant,114
org.apache.bcel.classfile.Constant,115
org.apache.bcel.classfile.Constant,193
org.apache.bcel.classfile.Constant,204
org.apache.bcel.classfile.ConstantClass,42
org.apache.bcel.classfile.ConstantClass,53
org.apache.bcel.classfile.ConstantClass,62
org.apache.bcel.classfile.ConstantClass,63
org.apache.bcel.classfile.ConstantClass,75
org.apache.bcel.classfile.ConstantClass,76
org.apache.bcel.classfile.ConstantClass,87
org.apache.bcel.classfile.ConstantClass,88
org.apache.bcel.classfile.ConstantClass,89
org.apache.bcel.classfile.ConstantClass,96
org.apache.bcel.classfile.ConstantClass,104
org.apache.bcel.classfile.ConstantClass,105
org.apache.bcel.classfile.ConstantClass,112
org.apache.bcel.classfile.ConstantClass,113
org.apache.bcel.classfile.ConstantClass,120
org.apache.bcel.classfile.ConstantClass,129
org.apache.bcel.classfile.ConstantFieldref,36
org.apache.bcel.classfile.ConstantFieldref,47
org.apache.bcel.classfile.ConstantFieldref,56
org.apache.bcel.classfile.ConstantFieldref,68
org.apache.bcel.classfile.ConstantFieldref,69
org.apache.bcel.classfile.ConstantMethodref,36
org.apache.bcel.classfile.ConstantMethodref,47
org.apache.bcel.classfile.ConstantMethodref,56
org.apache.bcel.classfile.ConstantMethodref,68
org.apache.bcel.classfile.ConstantMethodref,69
org.apache.bcel.classfile.ConstantInterfaceMethodref,36
org.apache.bcel.classfile.ConstantInterfaceMethodref,47
org.apache.bcel.classfile.ConstantInterfaceMethodref,56
org.apache.bcel.classfile.ConstantInterfaceMethodref,68
org.apache.bcel.classfile.ConstantInterfaceMethodref,69
org.apache.bcel.classfile.ConstantString,42
org.apache.bcel.classfile.ConstantString,53
org.apache.bcel.classfile.ConstantString,61
org.apache.bcel.classfile.ConstantString,62
org.apache.bcel.classfile.ConstantString,74
org.apache.bcel.classfile.ConstantString,75
org.apache.bcel.classfile.ConstantString,86
org.apache.bcel.classfile.ConstantString,87
org.apache.bcel.classfile.ConstantString,88
org.apache.bcel.classfile.ConstantString,95
org.apache.bcel.classfile.ConstantString,103
org.apache.bcel.classfile.ConstantString,104
org.apache.bcel.classfile.ConstantString,112
org.apache.bcel.classfile.ConstantString,120
org.apache.bcel.classfile.ConstantString,121
org.apache.bcel.classfile.ConstantString,128
org.apache.bcel.classfile.ConstantInteger,42
org.apache.bcel.classfile.ConstantInteger,43
org.apache.bcel.classfile.ConstantInteger,51
org.apache.bcel.classfile.ConstantInteger,62
org.apache.bcel.classfile.ConstantInteger,74
org.apache.bcel.classfile.ConstantInteger,75
org.apache.bcel.classfile.ConstantInteger,86
org.apache.bcel.classfile.ConstantInteger,87
org.apache.bcel.classfile.ConstantInteger,88
org.apache.bcel.classfile.ConstantInteger,95
org.apache.bcel.classfile.ConstantInteger,103
org.apache.bcel.classfile.ConstantInteger,104
org.apache.bcel.classfile.ConstantInteger,112
org.apache.bcel.classfile.ConstantInteger,120
org.apache.bcel.classfile.ConstantFloat,42
org.apache.bcel.classfile.ConstantFloat,43
org.apache.bcel.classfile.ConstantFloat,52
org.apache.bcel.classfile.ConstantFloat,63
org.apache.bcel.classfile.ConstantFloat,75
org.apache.bcel.classfile.ConstantFloat,76
org.apache.bcel.classfile.ConstantFloat,87
org.apache.bcel.classfile.ConstantFloat,88
org.apache.bcel.classfile.ConstantFloat,89
org.apache.bcel.classfile.ConstantFloat,96
org.apache.bcel.classfile.ConstantFloat,104
org.apache.bcel.classfile.ConstantFloat,105
org.apache.bcel.classfile.ConstantFloat,113
org.apache.bcel.classfile.ConstantFloat,121
org.apache.bcel.classfile.ConstantLong,42
org.apache.bcel.classfile.ConstantLong,43
org.apache.bcel.classfile.ConstantLong,51
org.apache.bcel.classfile.ConstantLong,62
org.apache.bcel.classfile.ConstantLong,74
org.apache.bcel.classfile.ConstantLong,75
org.apache.bcel.classfile.ConstantLong,86
org.apache.bcel.classfile.ConstantLong,87
org.apache.bcel.classfile.ConstantLong,88
org.apache.bcel.classfile.ConstantLong,95
org.apache.bcel.classfile.ConstantLong,103
org.apache.bcel.classfile.ConstantLong,104
org.apache.bcel.classfile.ConstantLong,112
org.apache.bcel.classfile.ConstantLong,120
org.apache.bcel.classfile.ConstantDouble,42
org.apache.bcel.classfile.ConstantDouble,43
org.apache.bcel.classfile.ConstantDouble,51
org.apache.bcel.classfile.ConstantDouble,62
org.apache.bcel.classfile.ConstantDouble,74
org.apache.bcel.classfile.ConstantDouble,75
org.apache.bcel.classfile.ConstantDouble,86
org.apache.bcel.classfile.ConstantDouble,87
org.apache.bcel.classfile.ConstantDouble,88
org.apache.bcel.classfile.ConstantDouble,95
org.apache.bcel.classfile.ConstantDouble,103
org.apache.bcel.classfile.ConstantDouble,104
org.apache.bcel.classfile.ConstantDouble,112
org.apache.bcel.classfile.ConstantDouble,120
org.apache.bcel.classfile.ConstantNameAndType,44
org.apache.bcel.classfile.ConstantNameAndType,55
org.apache.bcel.classfile.ConstantNameAndType,64
org.apache.bcel.classfile.ConstantNameAndType,65
org.apache.bcel.classfile.ConstantNameAndType,66
org.apache.bcel.classfile.ConstantNameAndType,78
org.apache.bcel.classfile.ConstantNameAndType,79
org.apache.bcel.classfile.ConstantNameAndType,90
org.apache.bcel.classfile.ConstantNameAndType,91
org.apache.bcel.classfile.ConstantNameAndType,92
org.apache.bcel.classfile.ConstantNameAndType,93
org.apache.bcel.classfile.ConstantNameAndType,100
org.apache.bcel.classfile.ConstantNameAndType,107
org.apache.bcel.classfile.ConstantNameAndType,115
org.apache.bcel.classfile.ConstantNameAndType,122
org.apache.bcel.classfile.ConstantNameAndType,130
org.apache.bcel.classfile.ConstantNameAndType,131
org.apache.bcel.classfile.ConstantNameAndType,138
org.apache.bcel.classfile.ConstantNameAndType,139
org.apache.bcel.classfile.ConstantNameAndType,147
org.apache.bcel.classfile.ConstantUtf8,195
org.apache.bcel.classfile.ConstantUtf8,205
org.apache.bcel.classfile.ConstantUtf8,206
org.apache.bcel.classfile.ConstantUtf8,207
org.apache.bcel.classfile.ConstantUtf8,214
org.apache.bcel.classfile.ConstantUtf8,215
org.apache.bcel.classfile.ConstantUtf8,217
org.apache.bcel.classfile.ConstantUtf8,218
org.apache.bcel.classfile.ConstantUtf8,219
org.apache.bcel.classfile.ConstantUtf8,229
org.apache.bcel.classfile.ConstantUtf8,230
org.apache.bcel.classfile.ConstantUtf8,240
org.apache.bcel.classfile.ConstantUtf8,241
org.apache.bcel.classfile.ConstantUtf8,242
org.apache.bcel.classfile.ConstantUtf8,248
org.apache.bcel.classfile.ConstantUtf8,257
org.apache.bcel.classfile.ConstantUtf8,265
org.apache.bcel.classfile.ConstantMethodHandle,44
org.apache.bcel.classfile.ConstantMethodHandle,55
org.apache.bcel.classfile.ConstantMethodHandle,60
org.apache.bcel.classfile.ConstantMethodHandle,61
org.apache.bcel.classfile.ConstantMethodHandle,62
org.apache.bcel.classfile.ConstantMethodHandle,74
org.apache.bcel.classfile.ConstantMethodHandle,75
org.apache.bcel.classfile.ConstantMethodHandle,86
org.apache.bcel.classfile.ConstantMethodHandle,87
org.apache.bcel.classfile.ConstantMethodHandle,88
org.apache.bcel.classfile.ConstantMethodHandle,89
org.apache.bcel.classfile.ConstantMethodHandle,93
org.apache.bcel.classfile.ConstantMethodHandle,98
org.apache.bcel.classfile.ConstantMethodHandle,99
org.apache.bcel.classfile.ConstantMethodHandle,103
org.apache.bcel.classfile.ConstantMethodHandle,108
org.apache.bcel.classfile.ConstantMethodHandle,109
org.apache.bcel.classfile.ConstantMethodHandle,117
org.apache.bcel.classfile.ConstantMethodType,43
org.apache.bcel.classfile.ConstantMethodType,54
org.apache.bcel.classfile.ConstantMethodType,59
org.apache.bcel.classfile.ConstantMethodType,60
org.apache.bcel.classfile.ConstantMethodType,72
org.apache.bcel.classfile.ConstantMethodType,73
org.apache.bcel.classfile.ConstantMethodType,84
org.apache.bcel.classfile.ConstantMethodType,85
org.apache.bcel.classfile.ConstantMethodType,86
org.apache.bcel.classfile.ConstantMethodType,90
org.apache.bcel.classfile.ConstantMethodType,95
org.apache.bcel.classfile.ConstantMethodType,96
org.apache.bcel.classfile.ConstantMethodType,104
org.apache.bcel.classfile.ConstantDynamic,41
org.apache.bcel.classfile.ConstantDynamic,52
org.apache.bcel.classfile.ConstantDynamic,57
org.apache.bcel.classfile.ConstantDynamic,69
org.apache.bcel.classfile.ConstantDynamic,70
org.apache.bcel.classfile.ConstantDynamic,80
org.apache.bcel.classfile.ConstantDynamic,88
org.apache.bcel.classfile.ConstantModule,45
org.apache.bcel.classfile.ConstantModule,56
org.apache.bcel.classfile.ConstantModule,65
org.apache.bcel.classfile.ConstantModule,66
org.apache.bcel.classfile.ConstantModule,78
org.apache.bcel.classfile.ConstantModule,79
org.apache.bcel.classfile.ConstantModule,90
org.apache.bcel.classfile.ConstantModule,91
org.apache.bcel.classfile.ConstantModule,92
org.apache.bcel.classfile.ConstantModule,99
org.apache.bcel.classfile.ConstantModule,107
org.apache.bcel.classfile.ConstantModule,108
org.apache.bcel.classfile.ConstantModule,115
org.apache.bcel.classfile.ConstantModule,116
org.apache.bcel.classfile.ConstantModule,123
org.apache.bcel.classfile.ConstantModule,132
org.apache.bcel.classfile.ConstantPackage,45
org.apache.bcel.classfile.ConstantPackage,56
org.apache.bcel.classfile.ConstantPackage,65
org.apache.bcel.classfile.ConstantPackage,66
org.apache.bcel.classfile.ConstantPackage,78
org.apache.bcel.classfile.ConstantPackage,79
org.apache.bcel.classfile.ConstantPackage,90
org.apache.bcel.classfile.ConstantPackage,91
org.apache.bcel.classfile.ConstantPackage,92
org.apache.bcel.classfile.ConstantPackage,99
org.apache.bcel.classfile.ConstantPackage,107
org.apache.bcel.classfile.ConstantPackage,108
org.apache.bcel.classfile.ConstantPackage,115
org.apache.bcel.classfile.ConstantPackage,116
org.apache.bcel.classfile.ConstantPackage,123
org.apache.bcel.classfile.ConstantPackage,132
org.apache.bcel.classfile.ClassFormatException,31
org.apache.bcel.classfile.ClassFormatException,36
org.apache.bcel.classfile.ClassFormatException,43
org.apache.bcel.classfile.Constant$1,39
org.apache.bcel.classfile.Constant$1,40
org.apache.bcel.classfile.Constant$1,41
org.apache.bcel.classfile.Constant$1,47
org.apache.bcel.classfile.Constant$1,48
org.apache.bcel.classfile.EmptyVisitor,30
org.apache.bcel.classfile.EmptyVisitor,38
org.apache.bcel.classfile.EmptyVisitor,46
org.apache.bcel.classfile.EmptyVisitor,54
org.apache.bcel.classfile.EmptyVisitor,62
org.apache.bcel.classfile.EmptyVisitor,67
org.apache.bcel.classfile.EmptyVisitor,72
org.apache.bcel.classfile.EmptyVisitor,77
org.apache.bcel.classfile.EmptyVisitor,82
org.apache.bcel.classfile.EmptyVisitor,87
org.apache.bcel.classfile.EmptyVisitor,92
org.apache.bcel.classfile.EmptyVisitor,97
org.apache.bcel.classfile.EmptyVisitor,102
org.apache.bcel.classfile.EmptyVisitor,107
org.apache.bcel.classfile.EmptyVisitor,112
org.apache.bcel.classfile.EmptyVisitor,117
org.apache.bcel.classfile.EmptyVisitor,122
org.apache.bcel.classfile.EmptyVisitor,127
org.apache.bcel.classfile.EmptyVisitor,132
org.apache.bcel.classfile.EmptyVisitor,137
org.apache.bcel.classfile.EmptyVisitor,142
org.apache.bcel.classfile.EmptyVisitor,147
org.apache.bcel.classfile.EmptyVisitor,152
org.apache.bcel.classfile.EmptyVisitor,157
org.apache.bcel.classfile.EmptyVisitor,162
org.apache.bcel.classfile.EmptyVisitor,167
org.apache.bcel.classfile.EmptyVisitor,175
org.apache.bcel.classfile.EmptyVisitor,180
org.apache.bcel.classfile.EmptyVisitor,185
org.apache.bcel.classfile.EmptyVisitor,190
org.apache.bcel.classfile.EmptyVisitor,195
org.apache.bcel.classfile.EmptyVisitor,200
org.apache.bcel.classfile.EmptyVisitor,205
org.apache.bcel.classfile.EmptyVisitor,210
org.apache.bcel.classfile.EmptyVisitor,215
org.apache.bcel.classfile.EmptyVisitor,220
org.apache.bcel.classfile.EmptyVisitor,225
org.apache.bcel.classfile.EmptyVisitor,230
org.apache.bcel.classfile.EmptyVisitor,235
org.apache.bcel.classfile.EmptyVisitor,259
org.apache.bcel.classfile.EmptyVisitor,267
org.apache.bcel.classfile.EmptyVisitor,275
org.apache.bcel.classfile.EmptyVisitor,283
org.apache.bcel.classfile.EmptyVisitor,291
org.apache.bcel.classfile.EmptyVisitor,298
org.apache.bcel.classfile.EmptyVisitor,305
org.apache.bcel.classfile.EmptyVisitor,312
org.apache.bcel.classfile.EmptyVisitor,319
org.apache.bcel.classfile.EmptyVisitor,326
org.apache.bcel.classfile.EmptyVisitor,331
org.apache.bcel.classfile.EmptyVisitor,336
org.apache.bcel.classfile.EmptyVisitor,341
org.apache.bcel.classfile.EmptyVisitor,346
org.apache.bcel.classfile.EmptyVisitor,351
org.apache.bcel.classfile.EmptyVisitor,356
org.apache.bcel.classfile.EmptyVisitor,361
org.apache.bcel.classfile.EmptyVisitor,366
org.apache.bcel.classfile.EmptyVisitor,371
