org.apache.commons.collections4.map.LRUMap::org.apache.commons.collections4.map.AbstractHashedMap,140
org.apache.commons.collections4.map.LRUMap::org.apache.commons.collections4.map.AbstractHashedMap,143
org.apache.commons.collections4.map.LRUMap::org.apache.commons.collections4.map.AbstractHashedMap,146
org.apache.commons.collections4.map.LRUMap::org.apache.commons.collections4.map.AbstractHashedMap,147
org.apache.commons.collections4.map.LRUMap::org.apache.commons.collections4.map.AbstractHashedMap,662
org.apache.commons.collections4.map.LRUMap::org.apache.commons.collections4.map.AbstractHashedMap,663
org.apache.commons.collections4.map.LRUMap::org.apache.commons.collections4.map.AbstractHashedMap,666
org.apache.commons.collections4.map.LRUMap::org.apache.commons.collections4.map.AbstractHashedMap,669
org.apache.commons.collections4.map.LRUMap::org.apache.commons.collections4.map.AbstractHashedMap,673
org.apache.commons.collections4.map.LRUMap::org.apache.commons.collections4.map.AbstractHashedMap,148
org.apache.commons.collections4.map.LRUMap::org.apache.commons.collections4.map.AbstractHashedMap,685
org.apache.commons.collections4.map.LRUMap::org.apache.commons.collections4.map.AbstractHashedMap,149
org.apache.commons.collections4.map.LRUMap::org.apache.commons.collections4.map.AbstractHashedMap,150
org.apache.commons.collections4.map.LRUMap::org.apache.commons.collections4.map.AbstractLinkedMap,133
org.apache.commons.collections4.map.LRUMap::org.apache.commons.collections4.map.AbstractLinkedMap,294
org.apache.commons.collections4.map.LRUMap::org.apache.commons.collections4.map.AbstractHashedMap,380
org.apache.commons.collections4.map.AbstractLinkedMap$LinkEntry::org.apache.commons.collections4.map.AbstractHashedMap$HashEntry,1098
org.apache.commons.collections4.map.AbstractLinkedMap$LinkEntry::org.apache.commons.collections4.map.AbstractHashedMap$HashEntry,1099
org.apache.commons.collections4.map.AbstractLinkedMap$LinkEntry::org.apache.commons.collections4.map.AbstractHashedMap$HashEntry,1100
org.apache.commons.collections4.map.AbstractLinkedMap$LinkEntry::org.apache.commons.collections4.map.AbstractHashedMap$HashEntry,1101
org.apache.commons.collections4.map.AbstractLinkedMap$LinkEntry::org.apache.commons.collections4.map.AbstractHashedMap$HashEntry,1102
org.apache.commons.collections4.map.AbstractLinkedMap$LinkEntry::org.apache.commons.collections4.map.AbstractLinkedMap$LinkEntry,539
org.apache.commons.collections4.map.LRUMap::org.apache.commons.collections4.map.AbstractLinkedMap,134
org.apache.commons.collections4.map.LRUMap::org.apache.commons.collections4.map.AbstractLinkedMap,135
org.apache.commons.collections4.map.LRUMap::org.apache.commons.collections4.map.AbstractHashedMap,151
org.apache.commons.collections4.map.LRUMap::org.apache.commons.collections4.map.AbstractLinkedMap,112
org.apache.commons.collections4.map.LRUMap::org.apache.commons.collections4.map.LRUMap,182
org.apache.commons.collections4.map.LRUMap::org.apache.commons.collections4.map.LRUMap,185
org.apache.commons.collections4.map.LRUMap::org.apache.commons.collections4.map.LRUMap,188
org.apache.commons.collections4.map.LRUMap::org.apache.commons.collections4.map.LRUMap,189
org.apache.commons.collections4.map.LRUMap::org.apache.commons.collections4.map.LRUMap,190
org.apache.commons.collections4.map.LRUMap::org.apache.commons.collections4.map.LRUMap,162
org.apache.commons.collections4.map.LRUMap::org.apache.commons.collections4.map.LRUMap,218
org.apache.commons.collections4.map.LRUMap::org.apache.commons.collections4.map.AbstractHashedMap,303
org.apache.commons.collections4.map.LRUMap::org.apache.commons.collections4.map.AbstractHashedMap,319
org.apache.commons.collections4.map.LRUMap::org.apache.commons.collections4.map.AbstractHashedMap,320
org.apache.commons.collections4.map.LRUMap::org.apache.commons.collections4.map.AbstractHashedMap,323
org.apache.commons.collections4.map.LRUMap::org.apache.commons.collections4.map.AbstractHashedMap,324
org.apache.commons.collections4.map.LRUMap::org.apache.commons.collections4.map.AbstractHashedMap,667
org.apache.commons.collections4.map.LRUMap::org.apache.commons.collections4.map.AbstractHashedMap,624
org.apache.commons.collections4.map.LRUMap::org.apache.commons.collections4.map.AbstractHashedMap,625
org.apache.commons.collections4.map.LRUMap::org.apache.commons.collections4.map.AbstractHashedMap,628
org.apache.commons.collections4.map.LRUMap::org.apache.commons.collections4.map.AbstractHashedMap,629
org.apache.commons.collections4.map.LRUMap::org.apache.commons.collections4.map.AbstractHashedMap,630
org.apache.commons.collections4.map.LRUMap::org.apache.commons.collections4.map.AbstractHashedMap,652
org.apache.commons.collections4.map.LRUMap::org.apache.commons.collections4.map.AbstractHashedMap,325
org.apache.commons.collections4.map.LRUMap::org.apache.commons.collections4.map.AbstractHashedMap,326
org.apache.commons.collections4.map.LRUMap::org.apache.commons.collections4.map.AbstractHashedMap,275
org.apache.commons.collections4.map.LRUMap::org.apache.commons.collections4.map.AbstractHashedMap,276
org.apache.commons.collections4.map.LRUMap::org.apache.commons.collections4.map.AbstractHashedMap,393
org.apache.commons.collections4.map.LRUMap::org.apache.commons.collections4.map.AbstractHashedMap,394
org.apache.commons.collections4.map.LRUMap::org.apache.commons.collections4.map.AbstractHashedMap,395
org.apache.commons.collections4.map.LRUMap::org.apache.commons.collections4.map.AbstractHashedMap,396
org.apache.commons.collections4.map.LRUMap::org.apache.commons.collections4.map.AbstractHashedMap,397
org.apache.commons.collections4.map.LRUMap::org.apache.commons.collections4.map.AbstractHashedMap,398
org.apache.commons.collections4.map.LRUMap::org.apache.commons.collections4.map.AbstractHashedMap,277
org.apache.commons.collections4.map.LRUMap::org.apache.commons.collections4.map.AbstractHashedMap,437
org.apache.commons.collections4.map.LRUMap::org.apache.commons.collections4.map.AbstractHashedMap,278
org.apache.commons.collections4.map.LRUMap::org.apache.commons.collections4.map.AbstractHashedMap,279
org.apache.commons.collections4.map.LRUMap::org.apache.commons.collections4.map.AbstractHashedMap,288
org.apache.commons.collections4.map.LRUMap::org.apache.commons.collections4.map.LRUMap,321
org.apache.commons.collections4.map.LRUMap::org.apache.commons.collections4.map.LRUMap,449
org.apache.commons.collections4.map.LRUMap::org.apache.commons.collections4.map.LRUMap,354
org.apache.commons.collections4.map.LRUMap::org.apache.commons.collections4.map.AbstractHashedMap,513
org.apache.commons.collections4.map.LRUMap::org.apache.commons.collections4.map.AbstractHashedMap,514
org.apache.commons.collections4.map.LRUMap::org.apache.commons.collections4.map.AbstractLinkedMap,69
org.apache.commons.collections4.map.LRUMap::org.apache.commons.collections4.map.AbstractHashedMap,515
org.apache.commons.collections4.map.LRUMap::org.apache.commons.collections4.map.AbstractLinkedMap,273
org.apache.commons.collections4.map.LRUMap::org.apache.commons.collections4.map.AbstractLinkedMap,274
org.apache.commons.collections4.map.LRUMap::org.apache.commons.collections4.map.AbstractLinkedMap,275
org.apache.commons.collections4.map.LRUMap::org.apache.commons.collections4.map.AbstractLinkedMap,276
org.apache.commons.collections4.map.LRUMap::org.apache.commons.collections4.map.AbstractLinkedMap,277
org.apache.commons.collections4.map.LRUMap::org.apache.commons.collections4.map.AbstractLinkedMap,278
org.apache.commons.collections4.map.LRUMap::org.apache.commons.collections4.map.AbstractLinkedMap,279
org.apache.commons.collections4.map.LRUMap::org.apache.commons.collections4.map.AbstractHashedMap,516
org.apache.commons.collections4.map.LRUMap::org.apache.commons.collections4.map.AbstractHashedMap,517
org.apache.commons.collections4.map.LRUMap::org.apache.commons.collections4.map.AbstractHashedMap,609
org.apache.commons.collections4.map.LRUMap::org.apache.commons.collections4.map.AbstractHashedMap,610
org.apache.commons.collections4.map.LRUMap::org.apache.commons.collections4.map.AbstractHashedMap,611
org.apache.commons.collections4.map.LRUMap::org.apache.commons.collections4.map.AbstractHashedMap,612
org.apache.commons.collections4.map.LRUMap::org.apache.commons.collections4.map.AbstractHashedMap,632
org.apache.commons.collections4.map.LRUMap::org.apache.commons.collections4.map.AbstractHashedMap,633
org.apache.commons.collections4.map.LRUMap::org.apache.commons.collections4.map.AbstractHashedMap,635
org.apache.commons.collections4.map.LRUMap::org.apache.commons.collections4.map.AbstractHashedMap,636
org.apache.commons.collections4.map.LRUMap::org.apache.commons.collections4.map.AbstractHashedMap,637
org.apache.commons.collections4.map.LRUMap::org.apache.commons.collections4.map.AbstractHashedMap,638
org.apache.commons.collections4.map.LRUMap::org.apache.commons.collections4.map.AbstractHashedMap,639
org.apache.commons.collections4.map.LRUMap::org.apache.commons.collections4.map.AbstractHashedMap,641
org.apache.commons.collections4.map.LRUMap::org.apache.commons.collections4.map.AbstractHashedMap,642
org.apache.commons.collections4.map.LRUMap::org.apache.commons.collections4.map.AbstractHashedMap,643
org.apache.commons.collections4.map.LRUMap::org.apache.commons.collections4.map.AbstractHashedMap,644
org.apache.commons.collections4.map.LRUMap::org.apache.commons.collections4.map.AbstractHashedMap,645
org.apache.commons.collections4.map.LRUMap::org.apache.commons.collections4.map.AbstractHashedMap,646
org.apache.commons.collections4.map.LRUMap::org.apache.commons.collections4.map.AbstractHashedMap,649
org.apache.commons.collections4.map.LRUMap::org.apache.commons.collections4.map.AbstractHashedMap,650
org.apache.commons.collections4.map.LRUMap::org.apache.commons.collections4.map.AbstractHashedMap,615
org.apache.commons.collections4.map.LRUMap::org.apache.commons.collections4.map.AbstractHashedMap,518
org.apache.commons.collections4.map.LRUMap::org.apache.commons.collections4.map.LRUMap,356
org.apache.commons.collections4.map.LRUMap::org.apache.commons.collections4.map.AbstractHashedMap,289
org.apache.commons.collections4.map.LRUMap::org.apache.commons.collections4.map.AbstractHashedMap,327
org.apache.commons.collections4.map.LRUMap::org.apache.commons.collections4.map.AbstractHashedMap,328
org.apache.commons.collections4.map.LRUMap::org.apache.commons.collections4.map.AbstractHashedMap,304
org.apache.commons.collections4.map.LRUMap::org.apache.commons.collections4.map.LRUMap,219
org.apache.commons.collections4.map.LRUMap::org.apache.commons.collections4.map.LRUMap,203
org.apache.commons.collections4.map.LRUMap::org.apache.commons.collections4.map.LRUMap,459
org.apache.commons.collections4.map.LRUMap::org.apache.commons.collections4.map.LRUMap,470
org.apache.commons.collections4.map.LRUMap::org.apache.commons.collections4.map.LRUMap,132
org.apache.commons.collections4.map.LRUMap::org.apache.commons.collections4.map.LRUMap,94
org.apache.commons.collections4.map.LRUMap::org.apache.commons.collections4.map.AbstractLinkedMap,170
org.apache.commons.collections4.map.LRUMap::org.apache.commons.collections4.map.AbstractHashedMap,361
org.apache.commons.collections4.map.LRUMap::org.apache.commons.collections4.map.AbstractHashedMap,362
org.apache.commons.collections4.map.LRUMap::org.apache.commons.collections4.map.AbstractHashedMap,363
org.apache.commons.collections4.map.LRUMap::org.apache.commons.collections4.map.AbstractHashedMap,364
org.apache.commons.collections4.map.LRUMap::org.apache.commons.collections4.map.AbstractHashedMap,365
org.apache.commons.collections4.map.LRUMap::org.apache.commons.collections4.map.AbstractLinkedMap,171
org.apache.commons.collections4.map.LRUMap::org.apache.commons.collections4.map.AbstractLinkedMap,172
org.apache.commons.collections4.map.AbstractHashedMap$HashEntry::org.apache.commons.collections4.map.AbstractHashedMap$HashEntry,1098
org.apache.commons.collections4.map.AbstractHashedMap$HashEntry::org.apache.commons.collections4.map.AbstractHashedMap$HashEntry,1099
org.apache.commons.collections4.map.AbstractHashedMap$HashEntry::org.apache.commons.collections4.map.AbstractHashedMap$HashEntry,1100
org.apache.commons.collections4.map.AbstractHashedMap$HashEntry::org.apache.commons.collections4.map.AbstractHashedMap$HashEntry,1101
org.apache.commons.collections4.map.AbstractHashedMap$HashEntry::org.apache.commons.collections4.map.AbstractHashedMap$HashEntry,1102
org.apache.commons.collections4.map.LRUMap::org.apache.commons.collections4.map.LRUMap,375
org.apache.commons.collections4.map.LRUMap::org.apache.commons.collections4.map.LRUMap,376
org.apache.commons.collections4.map.LRUMap::org.apache.commons.collections4.map.LRUMap,377
org.apache.commons.collections4.map.LRUMap::org.apache.commons.collections4.map.LRUMap,378
org.apache.commons.collections4.map.LRUMap::org.apache.commons.collections4.map.LRUMap,379
org.apache.commons.collections4.map.LRUMap::org.apache.commons.collections4.map.LRUMap,383
org.apache.commons.collections4.map.LRUMap::org.apache.commons.collections4.map.LRUMap,384
org.apache.commons.collections4.map.LRUMap::org.apache.commons.collections4.map.LRUMap,233
org.apache.commons.collections4.map.LRUMap::org.apache.commons.collections4.map.LRUMap,250
org.apache.commons.collections4.map.LRUMap::org.apache.commons.collections4.map.AbstractLinkedMap,215
org.apache.commons.collections4.map.LRUMap::org.apache.commons.collections4.map.AbstractHashedMap,452
org.apache.commons.collections4.map.LRUMap::org.apache.commons.collections4.map.AbstractHashedMap,453
org.apache.commons.collections4.map.LRUMap::org.apache.commons.collections4.map.AbstractHashedMap,454
org.apache.commons.collections4.map.LRUMap::org.apache.commons.collections4.map.AbstractHashedMap,455
org.apache.commons.collections4.map.LRUMap::org.apache.commons.collections4.map.AbstractHashedMap,461
org.apache.commons.collections4.map.LRUMap::org.apache.commons.collections4.map.LRUMap,251
org.apache.commons.collections4.map.LRUMap::org.apache.commons.collections4.map.LRUMap,252
org.apache.commons.collections4.map.LRUMap::org.apache.commons.collections4.map.AbstractHashedMap,456
org.apache.commons.collections4.map.LRUMap::org.apache.commons.collections4.map.AbstractHashedMap,411
org.apache.commons.collections4.map.LRUMap::org.apache.commons.collections4.map.AbstractHashedMap,457
org.apache.commons.collections4.map.LRUMap::org.apache.commons.collections4.map.LRUMap,254
org.apache.commons.collections4.map.LRUMap::org.apache.commons.collections4.map.LRUMap,255
org.apache.commons.collections4.map.LRUMap::org.apache.commons.collections4.map.LRUMap,269
org.apache.commons.collections4.map.LRUMap::org.apache.commons.collections4.map.LRUMap,270
org.apache.commons.collections4.map.LRUMap::org.apache.commons.collections4.map.LRUMap,272
org.apache.commons.collections4.map.LRUMap::org.apache.commons.collections4.map.LRUMap,276
org.apache.commons.collections4.map.LRUMap::org.apache.commons.collections4.map.LRUMap,277
org.apache.commons.collections4.map.LRUMap::org.apache.commons.collections4.map.LRUMap,279
org.apache.commons.collections4.map.LRUMap::org.apache.commons.collections4.map.LRUMap,280
org.apache.commons.collections4.map.LRUMap::org.apache.commons.collections4.map.LRUMap,281
org.apache.commons.collections4.map.LRUMap::org.apache.commons.collections4.map.LRUMap,282
org.apache.commons.collections4.map.LRUMap::org.apache.commons.collections4.map.LRUMap,287
org.apache.commons.collections4.map.LRUMap::org.apache.commons.collections4.map.LRUMap,257
org.apache.commons.collections4.map.AbstractLinkedMap$LinkEntry::org.apache.commons.collections4.map.AbstractHashedMap$HashEntry,1116
org.apache.commons.collections4.map.LRUMap::org.apache.commons.collections4.map.LRUMap,119
org.apache.commons.collections4.map.LRUMap::org.apache.commons.collections4.map.LRUMap,148
org.apache.commons.collections4.map.LRUMap::org.apache.commons.collections4.map.LRUMap,107
org.apache.commons.collections4.map.LRUMap::org.apache.commons.collections4.map.LRUMap,515
org.apache.commons.collections4.map.LRUMap::org.apache.commons.collections4.map.LRUMap,516
org.apache.commons.collections4.map.LRUMap::org.apache.commons.collections4.map.AbstractHashedMap,1256
org.apache.commons.collections4.map.LRUMap::org.apache.commons.collections4.map.AbstractHashedMap,1257
org.apache.commons.collections4.map.LRUMap::org.apache.commons.collections4.map.AbstractHashedMap,1258
org.apache.commons.collections4.map.LRUMap::org.apache.commons.collections4.map.AbstractHashedMap,1259
org.apache.commons.collections4.map.LRUMap::org.apache.commons.collections4.map.AbstractLinkedMap,350
org.apache.commons.collections4.map.LRUMap::org.apache.commons.collections4.map.AbstractLinkedMap,351
org.apache.commons.collections4.map.LRUMap::org.apache.commons.collections4.map.AbstractHashedMap,1263
org.apache.commons.collections4.map.LRUMap::org.apache.commons.collections4.map.LRUMap,517
org.apache.commons.collections4.map.LRUMap::org.apache.commons.collections4.map.LRUMap,481
org.apache.commons.collections4.map.LRUMap::org.apache.commons.collections4.map.AbstractHashedMap,1314
org.apache.commons.collections4.map.LRUMap::org.apache.commons.collections4.map.AbstractHashedMap,1315
org.apache.commons.collections4.map.LRUMap::org.apache.commons.collections4.map.AbstractHashedMap,1316
org.apache.commons.collections4.map.LRUMap::org.apache.commons.collections4.map.AbstractHashedMap,1317
org.apache.commons.collections4.map.LRUMap::org.apache.commons.collections4.map.AbstractHashedMap,1318
org.apache.commons.collections4.map.LRUMap::org.apache.commons.collections4.map.AbstractHashedMap,1319
org.apache.commons.collections4.map.LRUMap::org.apache.commons.collections4.map.AbstractHashedMap,1320
org.apache.commons.collections4.map.LRUMap::org.apache.commons.collections4.map.AbstractHashedMap,1321
org.apache.commons.collections4.map.LRUMap::org.apache.commons.collections4.map.AbstractHashedMap,1322
org.apache.commons.collections4.map.LRUMap::org.apache.commons.collections4.map.AbstractHashedMap,199
org.apache.commons.collections4.map.LRUMap::org.apache.commons.collections4.map.AbstractHashedMap,626
org.apache.commons.collections4.map.LRUMap::org.apache.commons.collections4.map.AbstractHashedMap,816
org.apache.commons.collections4.map.LRUMap::org.apache.commons.collections4.map.AbstractHashedMap,817
org.apache.commons.collections4.map.AbstractHashedMap$EntrySet::org.apache.commons.collections4.map.AbstractHashedMap$EntrySet,846
org.apache.commons.collections4.map.AbstractHashedMap$EntrySet::org.apache.commons.collections4.map.AbstractHashedMap$EntrySet,847
org.apache.commons.collections4.map.LRUMap::org.apache.commons.collections4.map.AbstractHashedMap,819
org.apache.commons.collections4.map.AbstractHashedMap$EntrySet::org.apache.commons.collections4.map.AbstractHashedMap$EntrySet,884
org.apache.commons.collections4.map.LRUMap::org.apache.commons.collections4.map.AbstractLinkedMap,413
org.apache.commons.collections4.map.LRUMap::org.apache.commons.collections4.map.AbstractLinkedMap,416
org.apache.commons.collections4.map.AbstractLinkedMap$EntrySetIterator::org.apache.commons.collections4.map.AbstractLinkedMap$LinkIterator,557
org.apache.commons.collections4.map.AbstractLinkedMap$EntrySetIterator::org.apache.commons.collections4.map.AbstractLinkedMap$LinkIterator,558
org.apache.commons.collections4.map.AbstractLinkedMap$EntrySetIterator::org.apache.commons.collections4.map.AbstractLinkedMap$LinkIterator,559
org.apache.commons.collections4.map.AbstractLinkedMap$EntrySetIterator::org.apache.commons.collections4.map.AbstractLinkedMap$LinkIterator,560
org.apache.commons.collections4.map.AbstractLinkedMap$EntrySetIterator::org.apache.commons.collections4.map.AbstractLinkedMap$EntrySetIterator,427
org.apache.commons.collections4.map.AbstractLinkedMap$EntrySetIterator::org.apache.commons.collections4.map.AbstractLinkedMap$LinkIterator,563
org.apache.commons.collections4.map.AbstractLinkedMap$EntrySetIterator::org.apache.commons.collections4.map.AbstractLinkedMap$EntrySetIterator,422
org.apache.commons.collections4.map.AbstractLinkedMap$EntrySetIterator::org.apache.commons.collections4.map.AbstractLinkedMap$EntrySetIterator,431
org.apache.commons.collections4.map.AbstractLinkedMap$EntrySetIterator::org.apache.commons.collections4.map.AbstractLinkedMap$LinkIterator,571
org.apache.commons.collections4.map.AbstractLinkedMap$EntrySetIterator::org.apache.commons.collections4.map.AbstractLinkedMap$LinkIterator,574
org.apache.commons.collections4.map.AbstractLinkedMap$EntrySetIterator::org.apache.commons.collections4.map.AbstractLinkedMap$LinkIterator,577
org.apache.commons.collections4.map.AbstractLinkedMap$EntrySetIterator::org.apache.commons.collections4.map.AbstractLinkedMap$LinkIterator,578
org.apache.commons.collections4.map.AbstractLinkedMap$EntrySetIterator::org.apache.commons.collections4.map.AbstractLinkedMap$LinkIterator,579
org.apache.commons.collections4.map.AbstractLinkedMap$LinkEntry::org.apache.commons.collections4.map.AbstractHashedMap$HashEntry,1107
org.apache.commons.collections4.map.AbstractLinkedMap$LinkEntry::org.apache.commons.collections4.map.AbstractHashedMap$HashEntry,1110
org.apache.commons.collections4.map.LRUMap::org.apache.commons.collections4.map.AbstractHashedMap,1323
org.apache.commons.collections4.map.LRUMap::org.apache.commons.collections4.map.LRUMap,300
org.apache.commons.collections4.map.LRUMap::org.apache.commons.collections4.map.LRUMap,273
org.apache.commons.collections4.map.LRUMap::org.apache.commons.collections4.map.LRUMap,84
org.apache.commons.collections4.map.AbstractHashedMap::org.apache.commons.collections4.map.AbstractHashedMap,140
org.apache.commons.collections4.map.AbstractHashedMap::org.apache.commons.collections4.map.AbstractHashedMap,143
org.apache.commons.collections4.map.AbstractHashedMap::org.apache.commons.collections4.map.AbstractHashedMap,146
org.apache.commons.collections4.map.AbstractHashedMap::org.apache.commons.collections4.map.AbstractHashedMap,147
org.apache.commons.collections4.map.AbstractHashedMap::org.apache.commons.collections4.map.AbstractHashedMap,662
org.apache.commons.collections4.map.AbstractHashedMap::org.apache.commons.collections4.map.AbstractHashedMap,663
org.apache.commons.collections4.map.AbstractHashedMap::org.apache.commons.collections4.map.AbstractHashedMap,666
org.apache.commons.collections4.map.AbstractHashedMap::org.apache.commons.collections4.map.AbstractHashedMap,669
org.apache.commons.collections4.map.AbstractHashedMap::org.apache.commons.collections4.map.AbstractHashedMap,673
org.apache.commons.collections4.map.AbstractHashedMap::org.apache.commons.collections4.map.AbstractHashedMap,148
org.apache.commons.collections4.map.AbstractHashedMap::org.apache.commons.collections4.map.AbstractHashedMap,685
org.apache.commons.collections4.map.AbstractHashedMap::org.apache.commons.collections4.map.AbstractHashedMap,149
org.apache.commons.collections4.map.AbstractHashedMap::org.apache.commons.collections4.map.AbstractHashedMap,150
org.apache.commons.collections4.map.AbstractHashedMap::org.apache.commons.collections4.map.AbstractHashedMap,169
org.apache.commons.collections4.map.AbstractHashedMap::org.apache.commons.collections4.map.AbstractHashedMap,151
org.apache.commons.collections4.map.AbstractHashedMap::org.apache.commons.collections4.map.AbstractHashedMap,127
org.apache.commons.collections4.map.AbstractHashedMap::org.apache.commons.collections4.map.AbstractHashedMap,199
org.apache.commons.collections4.map.LRUMap::org.apache.commons.collections4.map.LRUMap,183
org.apache.commons.collections4.map.LRUMap::org.apache.commons.collections4.map.AbstractHashedMap,144
org.apache.commons.collections4.map.LRUMap::org.apache.commons.collections4.map.AbstractHashedMap,141
org.apache.commons.collections4.map.LRUMap::org.apache.commons.collections4.map.LRUMap,395
org.apache.commons.collections4.map.LRUMap::org.apache.commons.collections4.map.LRUMap,396
org.apache.commons.collections4.map.LRUMap::org.apache.commons.collections4.map.LRUMap,283
org.apache.commons.collections4.map.LRUMap::org.apache.commons.collections4.map.LRUMap,284
org.apache.commons.collections4.map.LRUMap::org.apache.commons.collections4.map.LRUMap,186
org.apache.commons.collections4.map.LRUMap::org.apache.commons.collections4.map.AbstractHashedMap,280
org.apache.commons.collections4.map.LRUMap::org.apache.commons.collections4.map.AbstractHashedMap,281
org.apache.commons.collections4.map.LRUMap::org.apache.commons.collections4.map.AbstractHashedMap,282
org.apache.commons.collections4.map.LRUMap::org.apache.commons.collections4.map.LRUMap,301
org.apache.commons.collections4.map.AbstractLinkedMap$LinkEntry::org.apache.commons.collections4.map.AbstractHashedMap$HashEntry,1122
org.apache.commons.collections4.map.AbstractLinkedMap$LinkEntry::org.apache.commons.collections4.map.AbstractHashedMap$HashEntry,1123
org.apache.commons.collections4.map.AbstractLinkedMap$LinkEntry::org.apache.commons.collections4.map.AbstractHashedMap$HashEntry,1124
org.apache.commons.collections4.map.LRUMap::org.apache.commons.collections4.map.LRUMap,302
org.apache.commons.collections4.map.LRUMap::org.apache.commons.collections4.map.AbstractHashedMap,283
org.apache.commons.collections4.map.LRUMap::org.apache.commons.collections4.map.LRUMap,528
org.apache.commons.collections4.map.LRUMap::org.apache.commons.collections4.map.LRUMap,438
org.apache.commons.collections4.map.LRUMap::org.apache.commons.collections4.map.AbstractHashedMap,321
